Name,Year,Price,Rating,Country
Edizione Cinque Autoctoni,9999,149,4.3,Italy
Malbec 2018,2018,59.95,3.8,Argentina
Malbec 2016,2016,129.95,4.1,Argentina
Cabernet Sauvignon 2016,2016,750,4.6,United States
Malbec 2013,2013,99.95,3.9,Argentina
Red Blend 2017,2017,549,4.3,United States
Cabernet Sauvignon 2018,2018,595,4.5,United States
Ripassa Valpolicella Ripasso Superiore 2016,2016,169,4.1,Italy
Reserva Tannat 2017,2017,99,4.0,Uruguay
Primitivo 2019,2019,79,4.1,Italy
Crianza 2016,2016,81,3.6,Spain
The Chocolate Block 2017,2017,199.95,4.2,South Africa
Malbec 2015,2015,154.95,4.1,Argentina
Pinot Noir 2018,2018,249,4.1,United States
Sauvignon Blanc 2019,2019,180,4.2,New Zealand
The Chocolate Block 2016,2016,199.95,4.2,South Africa
Valpolicella Ripasso (Classico Superiore) 2016,2016,399,3.9,Italy
Sonoma Zinfandel 2015,2015,199,4.1,United States
Malbec 2017,2017,84.95,3.7,Argentina
Cabernet Sauvignon 2016,2016,169,3.7,United States
Gran Enemigo Single Vineyard Gualtallary Cabernet Franc 2015,2015,599.95,4.7,Argentina
Napa Valley Cabernet Sauvignon 2013,2013,999,4.5,United States
Cabernet Franc 2014,2014,149.95,4.2,Argentina
Viña Tondonia Reserva 2007,2007,295,4.1,Spain
Malbec Argentino 2015,2015,650,4.5,Argentina
The Chocolate Block 2015,2015,199.95,4.1,South Africa
Barbaresco 2015,2015,269.95,4.1,Italy
Sonoma Coast Pinot Noir 2013,2013,800,3.9,United States
Chardonnay 2017,2017,129.95,4.3,Argentina
Crianza 2015,2015,190,4.0,Spain
Red Blend 2017,2017,249,4.1,United States
Red Blend 2018,2018,249,4.1,United States
Malleolus 2015,2015,579.95,4.3,Spain
Cabernet Sauvignon 2015,2015,179,3.8,Chile
Grand Estates Cabernet Sauvignon 2016,2016,179,3.7,United States
Malbec Argentino 2017,2017,625,4.7,Argentina
Sonoma Coast Pinot Noir 2014,2014,800,3.9,United States
Malbec Argentino 2013,2013,599.95,3.8,Argentina
Rioja Reserva 2009,2009,249.95,4.0,Spain
Ancient Vines Zinfandel 2016,2016,189,3.7,United States
Sassoalloro 2015,2015,305,3.9,Italy
Tres Picos Garnacha 2016,2016,375,4.0,Spain
Vintner's Reserve Chardonnay 2018,2018,149,3.9,United States
Pinot Noir 2019,2019,99,4.0,United States
Scaia Rosso (Corvina) 2015,2015,112.50,3.8,Italy
Pinot Grigio Valdadige 2016,2016,135,3.8,Italy
Cabernet Sauvignon 2015,2015,129.95,4.0,Argentina
Les Darons Rouge 2017,2017,250,3.8,France
Saldo Zinfandel 2016,2016,399,4.2,United States
Shiraz (Skaapveld) 2017,2017,85,3.5,South Africa
Pillastro Primitivo Puglia 2019,2019,69,4.1,Italy
Graticcio Appassionato 2018,2018,135,3.8,Italy
The Seven Deadly Zins Old Vine Zinfandel 2017,2017,119,3.8,United States
Cuvée Vieilles Vignes 2019,2019,79,4.2,France
Le Cirque Rouge 2014,2014,69,3.6,France
Barbaresco 2014,2014,269.95,4.0,Italy
Pruno Ribera del Duero 2017,2017,350,3.7,Spain
Malbec 2014,2014,299.95,4.3,Argentina
Rouge (Gaston Hochar) 2004,2004,599.95,4.2,Lebanon
Bastide Miraflors Vieilles Vignes Syrah - Grenache 2016,2016,109.95,3.9,France
PSI 2017,2017,305,4.2,Spain
Malbec 2012,2012,299.95,4.2,Argentina
Cabernet Sauvignon 2017,2017,175,3.8,United States
Altos del Plata Malbec 2018,2018,85,3.5,Argentina
Cabernet Sauvignon 2013,2013,129.95,3.8,Argentina
Côtes Catalanes 2019,2019,67,4.2,France
Villa Antinori Toscana Bianco 2019,2019,89,3.8,Italy
Barbaresco 2016,2016,269.95,4.1,Italy
Alexander Valley Cabernet Sauvignon 2015,2015,700,4.5,United States
Malbec Argentino 2010,2010,599.95,4.0,Argentina
Crianza 2015,2015,169.95,4.1,Spain
Crianza 2017,2017,169.95,4.1,Spain
Bushvine Pinotage 2017,2017,110,3.7,South Africa
Valpolicella Ripasso (Classico Superiore) 2017,2017,139,4.1,Italy
Gran Enemigo Single Vineyard Gualtallary Cabernet Franc 2016,2016,599.95,4.7,Argentina
Estate Malbec 2018,2018,99,3.8,Argentina
Pinot Noir Santa Barbara County 2018,2018,199,4.0,United States
Chardonnay 2019,2019,99,3.9,United States
Chardonnay 2018,2018,175,4.3,United States
Reserve Zinfandel 2018,2018,79,4.1,United States
Zingari Toscana 2017,2017,99,3.9,Italy
Cabernet Sauvignon 2010,2010,149.95,3.9,Argentina
Las Alturas Vineyard Pinot Noir 2018,2018,319,4.4,United States
Cabernet Sauvignon 2015,2015,149,3.9,United States
Angels' Share Shiraz 2018,2018,194.95,4.1,Australia
Malbec Argentino 2012,2012,599.95,3.9,Argentina
Chianti Classico 2018,2018,179,3.9,Italy
Lucente 2017,2017,241,4.0,Italy
Gran Enemigo 2014,2014,499.95,4.5,Argentina
1300 Malbec 2017,2017,110,3.6,Argentina
Le Difese 2017,2017,159.95,3.7,Italy
Ca'Marcanda Promis Toscana 2017,2017,269.95,4.1,Italy
Red 2013,2013,269,4.2,Spain
Barbaresco 2013,2013,269.95,3.9,Italy
Cabernet Sauvignon 2014,2014,799,4.4,United States
Malbec 2015,2015,299.95,4.2,Argentina
Badia a Passignano Gran Selezione Chianti Classico 2015,2015,369,4.3,Italy
Amicone 2017,2017,65,4.0,Italy
Indian Wells Cabernet Sauvignon 2017,2017,239,4.0,United States
Rioja Gran Reserva 2009,2009,225,3.9,Spain
Kadette Cape Blend 2015,2015,149,3.8,South Africa
Dairyman Vineyard Pinot Noir 2017,2017,319,4.4,United States
Malbec Argentino 2011,2011,595,4.1,Argentina
Malbec 2013,2013,299.95,4.2,Argentina
Curioso Grand Edizione 2016,2016,149,4.0,Italy
Carmenère 2015,2015,179,4.0,Chile
Viña Tondonia Reserva 2008,2008,325,4.3,Spain
Old Vine Malbec 2015,2015,159.95,4.2,Argentina
337 Cabernet Sauvignon 2017,2017,139,3.8,United States
Malleolus 2017,2017,245,4.3,Spain
Silencio 2018,2018,149,4.0,Spain
Pizzella Malbec (Pizzella Family Vineyard) 2017,2017,99.95,4.0,Argentina
Nebbiolo Langhe 2018,2018,149.95,3.8,Italy
Belleruche Côtes-du-Rhône 2018,2018,79,3.7,France
HANDS OF TIME Red 2014,2014,279,4.1,United States
Cabernet Sauvignon 2017,2017,349,4.1,United States
Reserva Rioja (Finca Ygay) 2016,2016,159,4.1,Spain
Riserva Cannonau di Sardegna 2017,2017,149,3.8,Italy
Vigneto Monte Sant'Urbano Amarone della Valpolicella Classico 2013,2013,1000,4.4,Italy
Pauillac (Grand Cru Classé) 2009,2009,1995,4.7,France
Freakshow Red 2015,2015,199,3.9,United States
Guidalberto 2018,2018,349,4.2,Italy
Antiguas Reservas Cabernet Sauvignon 2017,2017,115,3.8,Chile
Costamolino Vermentino di Sardegna 2017,2017,119.95,3.8,Italy
Brunello di Montalcino 2013,2013,349.95,4.2,Italy
Barolo 2014,2014,185,3.9,Italy
Time Waits For No One (Red label) 2017,2017,85,3.8,Spain
Malbec 2016,2016,299.95,4.3,Argentina
Catarratto - Zibibbo 2019,2019,59,3.9,Italy
Gran Enemigo Single Vineyard Agrelo Cabernet Franc 2014,2014,599.95,4.6,Argentina
Veraton Garnacha 2016,2016,398,4.3,Spain
Chianti Classico 2015,2015,139.95,3.9,Italy
Coste di Moro Montepulciano d'Abruzzo 2016,2016,149,3.8,Italy
Pauillac (Grand Cru Classé) 2008,2008,1500,4.3,France
Petite Sirah 2018,2018,125,4.0,United States
No Name 2015,2015,349,4.1,Italy
Toscana Governo Rosso 2018,2018,99,4.1,Italy
Sauvignon Blanc 2020,2020,249,4.2,New Zealand
Fantini Montepulciano d'Abruzzo 2018,2018,87.50,3.6,Italy
Taurasi 2012,2012,169.95,3.9,Italy
Cabernet Sauvignon 2016,2016,129.95,3.9,Argentina
Le Difese 2018,2018,199.95,3.8,Italy
Tinto 2018,2018,139,4.2,Spain
Alicante Bouschet 2019,2019,59,4.1,Portugal
Finca Resalso 2019,2019,114.95,3.8,Spain
Chardonnay 2016,2016,149.95,3.9,Argentina
Ancient Vines Zinfandel 2018,2018,199,3.8,United States
Crianza Rioja 2014,2014,119,3.7,Spain
Geyserville 2016,2016,335,4.3,United States
Rioja Reserva 2012,2012,249.95,4.2,Spain
La Flor Malbec 2019,2019,90.30,3.9,Argentina
Malbec 2018,2018,115,3.7,Argentina
Pauillac (Grand Cru Classé) 2011,2011,1100,4.3,France
Cabernet Sauvignon 2014,2014,129.95,3.8,Argentina
Gentil 2018,2018,125,3.8,France
Gran Reserva 2013,2013,184,4.1,Spain
Freakshow Cabernet Sauvignon 2015,2015,199,4.0,United States
Chardonnay 2016,2016,179,3.8,Chile
Chardonnay 2018,2018,59.95,3.6,Argentina
Viña Bosconia Reserva 2008,2008,220,4.1,Spain
Albe Barolo 2016,2016,599,4.0,Italy
Tinto 2016,2016,89.95,3.7,Portugal
Freakshow Zinfandel 2017,2017,199,3.8,United States
Reserva 2016,2016,215,3.8,Spain
Pouilly-Fuissé 2018,2018,309,4.2,France
Rosso di Montalcino 2018,2018,149,3.6,Italy
Tinto 2018,2018,279.95,4.5,Spain
Cabernet Sauvignon 2016,2016,165,3.7,United States
Amaranta Montepulciano d'Abruzzo 2017,2017,159.95,4.2,Italy
Bolgheri Il Seggio 2017,2017,269,4.1,Italy
Malbec 2013,2013,149.95,4.1,Argentina
The Pundit 2016,2016,285,3.9,United States
Chardonnay 2017,2017,129.95,3.9,Argentina
Jumilla Blue Label 2017,2017,199,4.2,Spain
Pinot Noir Bourgogne 'Les Ursulines' 2018,2018,169,3.6,France
Lobo e Falcão Wolf & Falcon Tinto 2019,2019,79,4.1,Portugal
Earthquake Cabernet Sauvignon 2014,2014,279,4.1,United States
Sauvignon Winkl 2019,2019,159.95,4.2,Italy
Post Scriptum (de Chryseia) Douro 2017,2017,199,4.0,Portugal
De Sangre 2013,2013,154.95,4.2,Argentina
PSI 2018,2018,325,4.2,Spain
Reserva 2015,2015,110,3.8,Spain
Barrua 2011,2011,250,4.2,Italy
Duas Quintas Tinto 2017,2017,79,4.0,Portugal
Campo di Sasso Insoglio del Cinghiale 2018,2018,219.95,4.0,Italy
Chardonnay 2018,2018,169,3.8,United States
Chianti Classico 2016,2016,175,4.0,Italy
Pizzella Malbec (Pizzella Family Vineyard) 2018,2018,99.95,4.1,Argentina
Brunello di Montalcino 2013,2013,399,4.2,Italy
Orion Primitivo 2018,2018,85,4.1,Italy
Merlot 2017,2017,175,3.9,United States
Les Darons Rouge 2016,2016,220,3.8,France
Reserva Albariño 2019,2019,115,3.9,Uruguay
Gran Enemigo 2015,2015,499.95,4.5,Argentina
Crianza 2016,2016,129,3.6,Spain
Chablis 2017,2017,150,3.8,France
Boom Boom! Syrah 2017,2017,140,3.5,United States
Bourgogne 'Les Sétilles' 2018,2018,209,4.1,France
Gran Enemigo Single Vineyard Agrelo Cabernet Franc 2013,2013,599.95,4.5,Argentina
Caravan Durif (a.k.a Petite Sirah) 2016,2016,109.75,3.7,Australia
Belleruche Côtes-du-Rhône 2019,2019,75,3.7,France
Viña Cubillo 2009,2009,165,3.8,Spain
60 Sessantanni Old Vines Primitivo di Manduria 2017,2017,249,4.5,Italy
Ventoux Terrasses 2014,2014,79.95,3.7,France
Zinfandel 2016,2016,149,4.1,United States
Terroir Selection Malbec 2015,2015,235,4.0,Argentina
Reserva Merlot (Classic) 2018,2018,99,3.9,Chile
Pieve Santa Restituta Brunello di Montalcino 2014,2014,495,4.3,Italy
Malbec 2009,2009,149.95,3.9,Argentina
Etna Rosso 2018,2018,169.95,3.9,Italy
Costamolino Vermentino di Sardegna 2019,2019,79,3.9,Italy
Double Pass Shiraz 2018,2018,79,4.0,Australia
Angels' Share Shiraz 2019,2019,179.95,4.0,Australia
Prazo de Roriz Douro 2016,2016,149,3.9,Portugal
667 Pinot Noir 2018,2018,139,3.7,United States
Tres Picos Garnacha 2018,2018,175,4.0,Spain
Pinot Noir Santa Barbara County 2016,2016,395,3.9,United States
Shiraz - Grenache 2019,2019,68,4.0,France
Montessu 2016,2016,149.95,4.0,Italy
Montebruna Barbera d'Asti 2016,2016,159.95,3.8,Italy
Lugana San Benedetto 2019,2019,145,4.1,Italy
Ribera del Duero Tinto 2016,2016,140,4.0,Spain
Hermon Mount Hermon Red 2018,2018,119,3.8,Israel
Montessu 2017,2017,149.95,4.1,Italy
Barolo 2015,2015,185,3.8,Italy
Passivento Rosso 2019,2019,93.17,3.9,Italy
La Segreta Il Rosso 2017,2017,125,3.6,Italy
Pinot Noir 2018,2018,129,3.6,United States
Vintner's Reserve Cabernet Sauvignon 2017,2017,199,3.8,United States
Côtes du Rhône 2015,2015,89.95,3.6,France
M Malbec 2019,2019,75,3.8,Argentina
Fuerza 2015,2015,99.95,3.8,Spain
Brunello di Montalcino 2015,2015,399,4.4,Italy
Coudoulet de Beaucastel Côtes-du-Rhône 2017,2017,310,4.0,France
White Blend 2016,2016,199,3.7,United States
Rouge 2018,2018,91.67,3.7,France
Marius Grenache - Syrah 2019,2019,95,3.7,France
Cuttings Cabernet Sauvignon 2015,2015,699,4.3,United States
La Segreta Il Bianco 2016,2016,125,3.6,Italy
Malbec 2015,2015,69.95,3.5,Argentina
Almiréz 2015,2015,245,3.9,Spain
Musar Jeune Rouge 2018,2018,129.95,3.9,Lebanon
Pinot Noir 2018,2018,239,3.7,United States
Dry Riesling 2018,2018,109,3.7,United States
Ventoux Terrasses 2015,2015,79.95,3.7,France
Côtes-du-Rhône Rouge 2017,2017,120,3.7,France
Single Vineyard Tannat 2016,2016,239.95,4.2,Uruguay
Ribera Del Duero 12 Meses en Barrica (Crianza) 2016,2016,549.95,3.9,Spain
Quatro Castas 4 2017,2017,119,3.9,Portugal
Mea Culpa Rosso N.V.,9999,129,4.2,Italy
Saint-Estèphe (Grand Cru Classé) 2012,2012,895,4.2,France
Limited Selection Cabernet Sauvignon - Carmenère 2017,2017,125,3.8,Chile
M Malbec 2018,2018,75,3.7,Argentina
Petite Petit 2016,2016,189,3.9,United States
Pinot Noir Bourgogne 'Les Ursulines' 2017,2017,225,3.6,France
Valbuena 5º 2015,2015,995,4.7,Spain
Mandolás Furmint 2017,2017,215,3.9,Hungary
Flor de Pingus 2009,2009,1250,4.6,Spain
AN/2 2018,2018,159,4.0,Spain
Côtes-du-Rhône Rouge 2009,2009,109.95,3.5,France
Red 2018,2018,279.95,4.4,Spain
Pinot Noir 2018,2018,269,4.0,United States
Touriga Nacional 2018,2018,79,3.8,Portugal
Pinot Noir 2017,2017,95,3.6,New Zealand
Bricco dell'Uccellone Barbera d'Asti 2016,2016,499.95,4.3,Italy
Toscana 2016,2016,229,3.9,Italy
Rioja Reserva 2012,2012,159,4.2,Spain
Cabernet Sauvignon 2019,2019,99,3.9,United States
Falanghina 2018,2018,129,3.8,Italy
Lugana Vigneto Massoni 2018,2018,165,4.1,Italy
Barda Pinot Noir 2015,2015,149.95,3.9,Argentina
Tinto 2016,2016,259.95,4.3,Spain
Sito Moresco Langhe 2017,2017,349,4.1,Italy
Russian River Valley Pinot Noir 2018,2018,219,4.0,United States
Taurasi 2013,2013,169.95,3.9,Italy
Montebruna Barbera d'Asti 2017,2017,169.95,3.9,Italy
Gran Enemigo Single Vineyard Chacayes Cabernet Franc 2014,2014,599.95,4.6,Argentina
Cuvée Terlaner (Classico) 2016,2016,149.95,3.9,Italy
Monastrell 2018,2018,119,3.7,Spain
Termes 2013,2013,199,3.9,Spain
Vigneto Monte Sant'Urbano Amarone della Valpolicella Classico 2011,2011,429,4.3,Italy
Pinot Noir 2017,2017,229,4.0,United States
Montepulciano d'Abruzzo (Unico) 2018,2018,119,4.0,Italy
Arneis Langhe Blangé 2015,2015,159.95,3.8,Italy
Gran Enemigo Single Vineyard Chacayes Cabernet Franc 2015,2015,450,4.6,Argentina
Chardonnay 2018,2018,159,3.8,United States
Barbaresco 2017,2017,269.95,4.2,Italy
Grand Estates Merlot 2015,2015,179,3.7,United States
Malbec 2017,2017,179.95,3.7,Argentina
Chardonnay 2016,2016,249.95,4.2,Argentina
Tenuta Tignanello 'Marchese Antinori' Chianti Classico Riserva 2017,2017,255,4.3,Italy
La Grola 2016,2016,249,4.0,Italy
Single Vineyard Tannat 2017,2017,199.95,4.2,Uruguay
de La Tierra 2018,2018,119,3.7,Spain
Red Blend 2018,2018,69.95,3.8,Argentina
Valpolicella Ripasso Classico Superiore 2018,2018,99,3.7,Italy
Médoc 2016,2016,169.95,3.8,France
Boira' Sangiovese 2018,2018,109,3.5,Italy
Massal 1945 Carmenère 2016,2016,149.95,4.1,Chile
Tinto N.V.,9999,39.95,3.3,Spain
Special Selection Cabernet Sauvignon 2016,2016,1495,4.7,United States
Amarone della Valpolicella Classico 2009,2009,879,4.4,Italy
Zinfandel 2015,2015,159,3.8,United States
Amon-Ra Shiraz 2012,2012,599,4.4,Australia
Chardonnay 2015,2015,249.95,4.2,Argentina
Cabernet Sauvignon (Cs) 2016,2016,229,3.8,United States
Chardonnay 2013,2013,299.95,4.1,Argentina
Côtes-du-Rhône Cuvée Philipson 2010,2010,79.95,3.5,France
Vintner's Reserve Pinot Noir 2017,2017,199,3.7,United States
Syrah 2017,2017,79.95,4.0,France
Sangiovese Toscana 2019,2019,99,3.9,Italy
Te Koko Sauvignon Blanc 2014,2014,419,4.1,New Zealand
Appellation Malbec 2016,2016,139,4.0,Argentina
Bourgogne Hautes-Côtes de Beaune 2016,2016,220,3.8,France
Beaune du Château Premier Cru 2015,2015,1000,4.1,France
Amarone della Valpolicella Classico 2016,2016,389,4.3,Italy
Beaujolais-Villages Combe aux Jacques 2019,2019,109,3.8,France
Palazzo della Torre 2017,2017,139.95,4.1,Italy
Dagromis Barolo 2015,2015,599.95,4.4,Italy
Grand Veneur Côtes du Rhône (Réserve) 2019,2019,119.95,3.7,France
Zarihs Syrah 2016,2016,149,4.1,Spain
Vigne Vecchie Gold Series Leggenda Primitivo di Manduria 2016,2016,169,4.3,Italy
Taurasi 2014,2014,249,3.9,Italy
KARIA Chardonnay 2017,2017,349,4.1,United States
Bordeaux 2016,2016,99.95,3.6,France
Appassite Negroamaro - Primitivo 2019,2019,89.17,4.1,Italy
Barrua 2015,2015,250,4.1,Italy
Brunello di Montalcino 2013,2013,345,4.2,Italy
Sonoma Coast Pinot Noir 2016,2016,389,4.2,United States
7 Fuentes 2017,2017,150,3.3,Spain
Beaune du Château Premier Cru 2016,2016,900,4.1,France
Pinot Noir 2018,2018,179,3.7,Chile
125 Uno Due Cinque Primitivo del Salento 2017,2017,65,4.0,Italy
Touriga Nacional 2015,2015,199.95,4.0,Portugal
Châteauneuf-du-Pape La Bernardine 2016,2016,349,4.2,France
Birbet N.V.,9999,139.95,4.1,Italy
Appassimento Rosso 2019,2019,89.17,4.3,Italy
Rioja Reserva 2014,2014,179,4.0,Spain
Albariño 2016,2016,299,3.8,Spain
Cabernet Sauvignon 2018,2018,549,4.1,United States
Gessamí 2018,2018,159.95,4.1,Spain
Mt. Jefferson Cuvée Pinot Noir 2018,2018,299,4.2,United States
Amarone della Valpolicella Classico 2016,2016,349,4.4,Italy
Pessac-Léognan (Grand Cru Classé de Graves) 2009,2009,1495,4.5,France
Garnacha 2017,2017,295,4.5,Spain
Sauvignon Blanc 2018,2018,109.95,4.1,New Zealand
Cabernet Sauvignon - Shiraz 2018,2018,89,3.7,South Africa
Barbera d'Asti Le Orme 2017,2017,139,3.6,Italy
El Vivero de Usaldón Garnacha Colección Origen 2018,2018,49.50,3.7,Spain
Cabernet Sauvignon 2017,2017,199,3.8,United States
HEBO (Suvereto) 2017,2017,109,3.8,Italy
Private Selection Old Vines Malbec 2014,2014,109.95,3.8,Argentina
Papale Linea Oro Primitivo di Manduria 2017,2017,149,4.4,Italy
Chardonnay Santa Barbara County 2018,2018,175,4.0,United States
Blu Onice Aglianico Irpinia 2017,2017,99.95,4.2,Italy
Big Easy Red 2016,2016,149.95,3.8,South Africa
Touriga Nacional 2012,2012,169.95,3.9,Portugal
Saint-Émilion Grand Cru (Grand Cru Classé) 2009,2009,695,4.2,France
Haut-Médoc 2016,2016,79.95,3.8,France
Rioja Crianza 2013,2013,170,3.8,Spain
Toscana Le Cupole Rosso 2015,2015,240,4.1,Italy
Cos d'Estournel 1986,1986,1875,4.4,France
Cuvée Alexandre Cabernet Sauvignon (Apalta Vineyard) 2014,2014,159.95,4.0,Chile
Côte-Rôtie Brune & Blonde de Guigal 2013,2013,369.95,4.1,France
Vigneto Monte Sant'Urbano Amarone della Valpolicella Classico 2015,2015,350,4.3,Italy
Chryseia Douro 2016,2016,579,4.5,Portugal
Châteauneuf-du-Pape 2016,2016,315,4.1,France
Chardonnay 2017,2017,249.95,4.2,Argentina
Brunello di Montalcino 2014,2014,299.95,4.1,Italy
Moulis-en-Médoc 2011,2011,314,4.0,France
Geyserville 2017,2017,395,4.2,United States
Tinto 2011,2011,89.95,3.7,Portugal
Durif - Shiraz 2019,2019,69,4.0,Australia
Bourgogne Couvent des Jacobins 2017,2017,379,3.8,France
Grüner Veltliner Federspiel Terrassen 2019,2019,145,3.8,Austria
Pauillac (Grand Cru Classé) 2014,2014,1074.95,4.3,France
Gran Maestro Appassimento Rosso 2018,2018,65,3.9,Italy
Châteauneuf-du-Pape 2015,2015,279,4.0,France
Macán Clásico 2016,2016,295,4.3,Spain
Pauillac (Grand Cru Classé) 2012,2012,1299,4.3,France
Pouilly-Fuissé Tête de Cuvée 2018,2018,249.95,4.3,France
Syrah 2019,2019,59,3.8,Spain
Ca'Marcanda Magari 2017,2017,749,4.2,Italy
Garnacha 2016,2016,295,4.3,Spain
Malbec (I) 2018,2018,219,4.2,Argentina
Valpolicella Superiore 2016,2016,159,3.8,Italy
Gran Enemigo 2011,2011,499.95,4.4,Argentina
Reserva Duas Quintas Tinto 2014,2014,319,4.2,Portugal
Red Zinfandel 2018,2018,115,3.9,Italy
Chardonnay 2018,2018,249.95,4.1,Argentina
Cabernet Franc 2013,2013,149.95,4.1,Argentina
The Dead Arm Shiraz 2016,2016,425,4.0,Australia
Tenuta San Giovanni Valdisanti 2012,2012,200,4.1,Italy
Evenstad Reserve Pinot Noir 2015,2015,579,4.5,United States
Reserva (Field Blend) 2016,2016,249.95,4.2,Portugal
Ripassa Valpolicella Ripasso Superiore 2017,2017,229,4.2,Italy
Reserva (Field Blend) 2014,2014,249.95,4.1,Portugal
The Lodge Hill Shiraz 2016,2016,119.95,3.7,Australia
Toscana Rosso 2018,2018,89,3.9,Italy
Le G de Guiraud Bordeaux Blanc Sec 2017,2017,169.95,3.9,France
Gigondas 2016,2016,205,3.9,France
Toscana Le Cupole Rosso 2017,2017,225,4.1,Italy
Chateau Smith Cabernet Sauvignon 2016,2016,180,3.7,United States
Tradition Blaye - Côtes de Bordeaux 2016,2016,165,3.9,France
Morgon 2019,2019,250,4.2,France
Sauvignon Blanc 2017,2017,89,3.7,United States
Appassimento Rosso 2019,2019,89.95,4.0,Italy
Alta Mora Etna Rosso 2015,2015,279.95,3.7,Italy
Arneis Langhe Blangé 2019,2019,159.95,4.0,Italy
Alexander (The Great) 2016,2016,245,4.2,Spain
Pessac-Léognan (Grand Cru Classé de Graves) 2015,2015,895,4.5,France
Noble Dragon 张裕解百纳 2013,2013,89,2.8,China
Albariño 2018,2018,165,3.8,Spain
Barbera d'Alba 2018,2018,249,4.0,Italy
Barolo 2015,2015,429.95,4.2,Italy
Viñas de Gain 2017,2017,179,4.0,Spain
The Cover Drive Cabernet Sauvignon 2016,2016,109.95,3.7,Australia
Amarone della Valpolicella Classico 2012,2012,699,4.2,Italy
Gaba do Xil Godello 2018,2018,134.95,3.8,Spain
Terre di San Leonardo 2015,2015,149,3.7,Italy
Pauillac (Grand Cru Classé) 2011,2011,1849.95,4.3,France
Barolo 2013,2013,160,3.8,Italy
Cabernet Sauvignon 2014,2014,299.95,4.2,Argentina
Ardèche Chardonnay 2018,2018,96,3.6,France
Pinot Nero 2017,2017,434,3.9,Italy
Haut-Médoc 2014,2014,290,4.0,France
Gran Enemigo Single Vineyard El Cepillo Cabernet Franc 2014,2014,450,4.5,Argentina
Saint-Julien (Grand Cru Classé) 2004,2004,675,4.2,France
Valpolicella Ripasso Classico Superiore Lena di Mezzo 2017,2017,169,4.0,Italy
Condrieu 2016,2016,400,4.0,France
Blau 2018,2018,119,3.8,Spain
Cometa 2018,2018,299,4.2,Italy
Masseria Surani Dionysos Primitivo di Manduria Riserva 2015,2015,239,4.0,Italy
Ronan by Clinet Bordeaux 2012,2012,129,3.3,France
FAY Cabernet Sauvignon 2013,2013,999,4.4,United States
Barolo 2015,2015,179.95,3.6,Italy
Toscana Le Cupole Rosso 2016,2016,220,4.1,Italy
Barolo Castiglione 2016,2016,479,4.2,Italy
Thea's Selection Pinot Noir 2016,2016,299,4.1,United States
Barco Reale di Carmignano 2016,2016,139,3.7,Italy
Cùmaro Conero Riserva 2013,2013,204.95,3.8,Italy
Pinot Noir Bourgogne Vieilles Vignes 2016,2016,89.95,3.7,France
Pé Branco 2019,2019,69,3.6,Portugal
Alta Mora Etna Rosso 2014,2014,279.95,3.8,Italy
Sauvignon Blanc Te Muna Road Vineyard 2019,2019,99.95,4.1,New Zealand
Solosole Vermentino 2017,2017,199,3.9,Italy
Cabernet Sauvignon (Mossfire Ranch) 2017,2017,249,3.8,United States
Reserva Cabernet Franc 2017,2017,109.95,4.0,Uruguay
Riesling 2019,2019,119,3.8,United States
Terre Brune Superiore Carignano del Sulcis 2015,2015,399,4.2,Italy
Cuvée Réservée Châteauneuf-du-Pape Rouge 2012,2012,698,4.2,France
Touriga Nacional 2014,2014,199.95,4.0,Portugal
Roero Arneis 2017,2017,219.95,3.9,Italy
Roda Reserva Rioja 2016,2016,249.95,4.1,Spain
Merlot 2016,2016,199,3.9,United States
Liano Sangiovese - Cabernet Sauvignon 2016,2016,239,4.1,Italy
Foradori - Teroldego 2014,2014,200,3.7,Italy
Dominio de Atauta 2016,2016,350,4.2,Spain
Tinto 2019,2019,65,3.9,Portugal
AVETA Sauvignon Blanc 2017,2017,229,4.1,United States
Napanook 2015,2015,695,4.2,United States
Reserva Cabernet Sauvignon 2013,2013,79.95,3.7,Chile
Tessellae Vieilles Vignes Carignan 2017,2017,99.95,3.8,France
Primitivo Puglia Edizione Limitata Terra Vera 2018,2018,99.95,3.8,Italy
Petite Sirah - Petit Verdot 2016,2016,169,3.9,United States
Castro Ventosa El Castro de Valtuille Mencía Joven 2018,2018,109,3.7,Spain
Valpolicella Ripasso Classico Superiore 2017,2017,180,3.8,Italy
Ca' di Pian Barbera d'Asti 2017,2017,169,4.0,Italy
Gran Enemigo Single Vineyard Agrelo Cabernet Franc 2010,2010,599.95,4.5,Argentina
Benuara (Tenuta Presti e Pegni) 2017,2017,99.95,4.0,Italy
Botrosecco Maremma Toscana 2017,2017,179,4.0,Italy
The Velvet Devil Merlot 2018,2018,105,3.6,United States
Signos Malbec 2019,2019,85,4.0,Argentina
Reserva 2016,2016,185,4.1,Spain
FAY Cabernet Sauvignon 2014,2014,999,4.4,United States
Vinha do Fava 2019,2019,65,4.1,Portugal
Corralillo Syrah 2015,2015,170,4.0,Chile
Chardonnay 2017,2017,179,3.8,Chile
Unoaked Chardonnay 2017,2017,84.95,3.7,Argentina
Noà (Tenuta Presti e Pregni) 2015,2015,249.95,3.9,Italy
Chardonnay 2017,2017,90,3.6,New Zealand
Lalande-de-Pomerol 2016,2016,220,4.0,France
Cabernet Franc 2010,2010,149.95,4.1,Argentina
Gessamí 2019,2019,129.95,4.2,Spain
Sassoalloro 2016,2016,199,3.9,Italy
Saint-Julien (Grand Cru Classé) 1995,1995,1250,4.3,France
Roda I Reserva Rioja 2015,2015,449.95,4.4,Spain
Amarone della Valpolicella Classico 2015,2015,319,4.1,Italy
Organic Monastrell 2018,2018,69,3.7,Spain
Cabernet Sauvignon Franschhoek 2014,2014,350,4.3,South Africa
Chablis 'La Pierrelée' 2017,2017,119.95,3.8,France
Gigondas 2016,2016,595,4.1,France
Toscana Le Cupole Rosso 2014,2014,220,3.9,Italy
Nero d'Avola 2019,2019,79.95,3.5,Italy
Paula Malbec 2019,2019,99,3.6,Argentina
Cuvée Alexandre Cabernet Sauvignon (Apalta Vineyard) 2015,2015,159.95,3.9,Chile
San Leonardo 2013,2013,499,4.2,Italy
Dominus (Christian Moueix) 2006,2006,1795,4.4,United States
Ca'Marcanda Promis Toscana 2018,2018,225,4.2,Italy
Freestone Vineyards Pinot Noir 2013,2013,400,4.2,United States
Paul Sauer 2016,2016,429,4.4,South Africa
Quarz Sauvignon 2015,2015,325,4.4,Italy
Cuvée Alexandre Merlot (Apalta Vineyard) 2011,2011,149.95,3.8,Chile
Crozes-Hermitage Domaine de Thalabert 2015,2015,399,4.0,France
Ribera del Duero Crianza 2015,2015,339,3.8,Spain
Pauillac (Grand Cru Classé) 2010,2010,1750,4.5,France
Lune d'Argent 2016,2016,159.95,3.7,France
Flor de Vetus 2017,2017,120,3.7,Spain
Montsant Acústic 2017,2017,160,4.0,Spain
Appellation La Consulta Malbec 2014,2014,129.95,3.9,Argentina
Chenin Blanc (Free-Run Steen) 2018,2018,85,3.6,South Africa
Sela Rioja 2016,2016,159.95,3.9,Spain
Bonarda 2018,2018,69.95,3.9,Argentina
Earthquake Zinfandel 2017,2017,279,4.1,United States
AVETA Sauvignon Blanc 2016,2016,239,4.1,United States
Mother's Milk Shiraz 2016,2016,119.95,3.8,Australia
Verdejo Rueda 2019,2019,119,4.0,Spain
Nicolas Grenache Noir 2017,2017,99.95,3.9,France
Touriga Nacional 2017,2017,239.95,4.1,Portugal
Pino Doncel 12 Meses 2016,2016,299,4.1,Spain
Valpolicella Ripasso 2018,2018,129.95,3.7,Italy
Blanco Fermentado en Barrica 2018,2018,120,3.7,Spain
Chianti Classico 2017,2017,175,4.1,Italy
Anima de Raimat Tinto 2015,2015,119,3.8,Spain
Wild Sauvignon 2014,2014,199.95,4.2,New Zealand
Blindfold White Blend 2017,2017,339,4.0,United States
Pessac-Léognan 2013,2013,295,3.8,France
Cabernet Sauvignon Franschhoek 2015,2015,350,4.3,South Africa
Quintaluna 2016,2016,129.95,3.6,Spain
Syrah Les Vignes d'à Côté 2018,2018,139,3.8,France
San Vincenzo 2019,2019,159,4.0,Italy
Pinot Noir 2018,2018,269,3.9,New Zealand
Terre di San Leonardo 2016,2016,149,3.8,Italy
Lindes de Remelluri Viñedos de Labastida 2015,2015,199.95,3.9,Spain
Bella's Garden Shiraz 2016,2016,350,4.2,Australia
Joseph Gewürztraminer 2018,2018,169,4.1,Italy
Cellar Selection Pinot Noir 2014,2014,179,3.7,New Zealand
Arneis Roero 2019,2019,189,3.9,Italy
Les Amandiers N.V.,9999,159,4.0,France
Mai The First A.Montes Malbec 2014,2014,499,4.4,Argentina
Ritme Vinyes Velles Boniques 2017,2017,500,4.0,Spain
Ribera Del Duero Crianza 2016,2016,195,3.9,Spain
Ultra Cabernet Sauvignon 2015,2015,179,3.8,Argentina
Gocce Primitivo di Manduria 2016,2016,129,4.2,Italy
1 Uno Primitivo di Manduria 2019,2019,99,4.1,Italy
Ribera del Duero Red 2015,2015,175,4.1,Spain
Rosso di Montalcino 2016,2016,199,4.0,Italy
Cosecha 2017,2017,349,4.4,Spain
Nero d'Avola 2016,2016,119,3.8,Italy
Le Rouge 2015,2015,129.95,3.8,Chile
Monastrell 2017,2017,114.95,3.8,Spain
Pinot Grigio 2019,2019,75,3.9,Argentina
Meursault 2015,2015,499,4.3,France
Côtes du Rhône Nature Rouge 2018,2018,121.67,3.6,France
Grey (Glacier) Cabernet Sauvignon 2017,2017,115,3.9,Chile
Barrua 2016,2016,250,4.2,Italy
Château d'Ampuis Côte-Rôtie 2012,2012,795,4.2,France
Selección de Familia Reserva 2012,2012,159,3.8,Spain
The Hermit Crab Viognier - Marsanne 2018,2018,125,3.8,Australia
Seminare Malbec 2016,2016,650,4.2,Argentina
Crozes-Hermitage Les Jalets 2017,2017,249,3.9,France
Estate Vineyards Syrah (Shiraz) 2013,2013,209.95,4.2,South Africa
Douro Duas Quintas Branco 2018,2018,119,4.0,Portugal
Gnarly Dudes Shiraz 2019,2019,179.95,4.0,Australia
My Favorite Neighbor Cabernet Sauvignon 2017,2017,599,4.4,United States
M Mencía Bierzo LB 2016,2016,74.95,3.3,Spain
Rafaèl Valpolicella Classico Superiore 2018,2018,145,3.9,Italy
Cartoixa Priorat 2016,2016,369,3.9,Spain
Syrah 2017,2017,139,4.0,United States
Gran Enemigo Single Vineyard Agrelo Cabernet Franc 2016,2016,599.95,4.7,Argentina
Ribera del Duero 2016,2016,300,4.0,Spain
Crianza 2017,2017,130,3.8,Spain
Cannonau di Sardegna 2018,2018,99,3.4,Italy
Albariño 2017,2017,159.95,3.9,Spain
Villa Antinori Rosso 2018,2018,129,3.8,Italy
Gran Reserva Carmenère 2018,2018,89.95,3.8,Chile
Cellar Selection Pinot Noir 2018,2018,70,3.3,New Zealand
Bourgogne Couvent des Jacobins 2018,2018,169,3.9,France
Chablis 1er Cru 'Fourchaume' 2014,2014,250,4.1,France
Gimblett Gravels Vineyard Te Kahu 2013,2013,149.95,3.8,New Zealand
Zinfandel 2019,2019,72,4.1,United States
Byzantium Primitivo di Manduria 2018,2018,89,4.1,Italy
Pinot Noir 2016,2016,175,3.7,United States
Bordeaux Merlot - Cabernet Sauvignon 2017,2017,79,3.3,France
Il Bacialé Monferrato Rosso 2016,2016,129.95,3.8,Italy
Estate Red 2015,2015,319.95,4.3,South Africa
Stags Leap District Cabernet Sauvignon 2016,2016,475,4.4,United States
Santa Maria Valley Pinot Noir 2017,2017,199,4.1,United States
Esprit de Pavie Bordeaux 2012,2012,239,3.8,France
Quarz Sauvignon 2016,2016,325,4.4,Italy
Sancerre Rouge Les Baronnes 2017,2017,209,3.9,France
Pinot Noir 2018,2018,329.95,4.0,United States
Gimblett Gravels Vineyard Te Kahu 2011,2011,149.95,3.8,New Zealand
Reserva 2016,2016,249.95,4.4,Spain
Numina Gran Corte 2017,2017,169,4.2,Argentina
Côte de Beaune Villages 2014,2014,149,3.7,France
Barda Pinot Noir 2019,2019,199.95,3.9,Argentina
Sonoma Coast Pinot Noir 2015,2015,359,4.3,United States
Barbera d'Asti Camp du Rouss 2015,2015,429,3.8,Italy
Appassite 2018,2018,82,4.1,Italy
Saint-Joseph 2015,2015,179.95,3.9,France
Ribera del Duero Crianza 2017,2017,169,3.9,Spain
Corimbo I 2014,2014,375,4.2,Spain
Chablis 2018,2018,195,4.1,France
Sonoma Coast Pinot Noir 2018,2018,149,3.9,United States
Secreto Malbec 2016,2016,89.95,3.6,Chile
Mâcon-Verzé 2017,2017,375,4.0,France
Langhe Nebbiolo 2019,2019,109.95,3.8,Italy
Reserva Cabernet Sauvignon 2014,2014,75,3.5,Argentina
Castel del Monte Trentangeli Rosso 2015,2015,169,3.8,Italy
Malbec 2017,2017,299.95,4.3,Argentina
Appellation Paraje Altamira Malbec 2018,2018,129.95,4.0,Argentina
Pessac-Léognan (Grand Cru Classé de Graves) 2015,2015,749.95,4.3,France
Gran Enemigo Single Vineyard El Cepillo Cabernet Franc 2015,2015,599.95,4.5,Argentina
Pinot Noir Te Muna Road Vineyard 2011,2011,199.95,3.9,New Zealand
Sonoma County Pinot Noir 2016,2016,249,3.8,United States
Vatan Tinta de Toro 2014,2014,299,4.1,Spain
Origin Pinot Noir 2018,2018,145,3.4,New Zealand
Montepulciano d'Abruzzo Colline Teramane Riserva Zanna 2011,2011,169.95,4.0,Italy
Mathilda Shiraz 2017,2017,175,3.7,Australia
One Point Five Cabernet Sauvignon 2017,2017,595,4.5,United States
Syrah 2014,2014,199.95,3.9,South Africa
Nussbaumer Gewürztraminer 2018,2018,300,4.3,Italy
Al-Muvedre Tinto Monastrell 2016,2016,59.95,3.6,Spain
Terre di San Leonardo 2014,2014,149,3.6,Italy
Bourgogne Chardonnay 2017,2017,279,3.9,France
La Garnatxa Fosca del Priorat 2018,2018,189,3.8,Spain
Yeya Moscatel - Chardonnay 2018,2018,85,3.9,Spain
Sangiovese Riserva 2017,2017,169,4.0,Italy
Tenuta Nuova Brunello di Montalcino 2015,2015,699,4.6,Italy
Riesling 2017,2017,179,3.7,Australia
Torrontes 2018,2018,69.95,3.7,Argentina
Barolo del Comune di Serralunga d'Alba 2016,2016,529,4.3,Italy
Rioja Reserva 2015,2015,135,3.8,Spain
Sauvignon Blanc 2019,2019,139,3.6,South Africa
Pomerol 2011,2011,769.95,4.0,France
Primitivo 2018,2018,129,3.8,Italy
Cellar Selection Pinot Noir 2019,2019,85,3.3,New Zealand
Saumur-Champigny 2016,2016,149.95,3.7,France
Barolo del Comune di Serralunga d'Alba 2015,2015,459,4.2,Italy
Russian River Valley Pinot Noir 2016,2016,499.95,3.9,United States
Appellation San Carlos Cabernet Franc 2018,2018,129.95,4.1,Argentina
Tonel 46 Reserva Malbec 2016,2016,139,3.6,Argentina
Bourgogne Pinot Noir 2019,2019,139.50,3.7,France
Maremma Toscana Ornello 2015,2015,189,3.9,Italy
Estate Cabernet Sauvignon 2016,2016,559,4.2,United States
Syrah 2015,2015,199.95,3.9,South Africa
Pecorino (Unico) 2019,2019,119,4.0,Italy
Suadens Campania Rosso 2018,2018,129,4.2,Italy
Lagrein Riserva Gries 2015,2015,195,4.1,Italy
Passorosso 2015,2015,250,4.0,Italy
Lune d'Argent 2017,2017,159.95,3.8,France
Cabernet Sauvignon 2017,2017,499,4.3,United States
Pauillac (Grand Cru Classé) 2015,2015,1399.95,4.5,France
Nero di Troia 2018,2018,79,4.0,Italy
Stags Leap District Cabernet Sauvignon 2012,2012,1225,4.4,United States
Chablis 2018,2018,379.95,4.1,France
Morillon Blanc 2019,2019,150,4.2,France
Baía de Troia Castelão 2019,2019,79,4.1,Portugal
Langhe Nebbiolo 2018,2018,235,3.9,Italy
Saint-Émilion Grand Cru 2015,2015,180,3.9,France
Chardonnay 2014,2014,199.95,4.0,Argentina
Is Argiolas Vermentino di Sardegna 2019,2019,125,4.0,Italy
El Hombre Bala 2016,2016,269,3.6,Spain
Liberty Nages Rouge Vin de France N.V.,9999,99,3.5,France
Reserva 2014,2014,250,4.2,Spain
Cabernet Sauvignon 2009,2009,149.95,3.8,Argentina
Bella's Garden Shiraz 2017,2017,350,4.2,Australia
San Leonardo 2014,2014,599,4.2,Italy
Xisto Ilimitado 2018,2018,150,3.8,Portugal
Magna Malbec 2016,2016,105,3.5,Argentina
Cellar Selection Marlborough Sauvignon Blanc 2020,2020,120,3.8,New Zealand
Pinot Noir Te Muna Road Vineyard 2013,2013,199.95,3.8,New Zealand
Crozes-Hermitage Blanc 2016,2016,175,3.7,France
Dominus (Christian Moueix) 2014,2014,1995,4.6,United States
Secreto Syrah 2015,2015,89.95,3.6,Chile
Pinot Noir 2017,2017,139,3.3,United States
Grey (Glacier) Carménère 2016,2016,115,4.0,Chile
Viognier Les Vignes d'à Côté 2018,2018,199,4.0,France
Tenuta San Giovanni Valdisanti 2010,2010,200,4.1,Italy
Cabernet Sauvignon 2012,2012,359.95,4.2,Argentina
Selección Especial (Reserva) 2016,2016,299,4.3,Spain
Ca'Marcanda Vistamare Toscana 2018,2018,325,4.1,Italy
Quarz Sauvignon 2017,2017,325,4.4,Italy
Stags Leap District Cabernet Sauvignon 2015,2015,599,4.4,United States
Gran Reserva 2011,2011,259,3.9,Spain
Château d'Ampuis Côte-Rôtie 2010,2010,1794.95,4.2,France
Vinsobres Les Cornuds 2016,2016,135.83,3.8,France
Sauvignon Blanc 2017,2017,299,4.1,United States
Pinot Grigio delle Venezie 2018,2018,99,3.8,Italy
Flor de Pingus 2017,2017,795,4.5,Spain
Clio 2018,2018,329,4.5,Spain
Valpolicella Classico 2016,2016,350,3.5,Italy
Appellation San Carlos Cabernet Franc 2014,2014,129.95,3.9,Argentina
Zisola Azisa Sicilia 2017,2017,119,3.7,Italy
Syrah 2016,2016,199.95,3.9,South Africa
Bernardeschi Governo 2017,2017,79,4.1,Italy
Vintner's Reserve Zinfandel 2018,2018,149,3.8,United States
Bella's Garden Shiraz 2015,2015,349.95,4.2,Australia
Pessac-Léognan (Grand Cru Classé de Graves) 2011,2011,499,4.2,France
Pessac-Léognan Blanc (Grand Cru Classé de Graves) 2017,2017,325,4.1,France
20 Aldeas 2018,2018,199.95,4.1,Spain
Tinto 2018,2018,399,4.4,Spain
Il Nero di Casanova Terre di Pisa Sangiovese 2016,2016,209,3.8,Italy
Appellation Tupungato Chardonnay 2017,2017,129.95,3.9,Argentina
Pouilly-Fumé Domaine des Fines Caillottes 2019,2019,199,4.1,France
Pinot Noir (G Lot) 2015,2015,149.95,4.1,Argentina
Chianti 2018,2018,79.95,3.5,Italy
Atteca Garnacha (Old Vines) 2017,2017,119,4.1,Spain
Pago Negralada Tempranillo 2014,2014,799.95,4.4,Spain
Perbacco Nebbiolo 2018,2018,199,4.0,Italy
Châteauneuf-du-Pape 2015,2015,898,4.4,France
Cabernet Sauvignon 2013,2013,299.95,4.2,Argentina
Gran Reserva Cabernet Sauvignon 2015,2015,62,3.6,Chile
Gigondas Romane Machotte Rouge 2015,2015,500,3.8,France
Pinot Noir Te Muna Road Vineyard 2012,2012,199.95,3.9,New Zealand
Chardonnay 2019,2019,99,3.4,France
Moulis-en-Médoc 2015,2015,349,3.9,France
Pinot Noir 2014,2014,225,3.9,New Zealand
Saint-Émilion Grand Cru (Grand Cru Classé) 2014,2014,449.95,4.1,France
Toscana Le Cupole Rosso 2010,2010,350,4.1,Italy
La Réserve de Malartic (Le Sillage) Pessac-Léognan 2015,2015,259.95,4.1,France
Arele Rosso (Appassimento) 2015,2015,165,3.9,Italy
Saint-Julien (Grand Cru Classé) 2016,2016,685,4.1,France
Semele 2017,2017,165,3.7,Spain
Château d'Ampuis Côte-Rôtie 2013,2013,795,4.1,France
Signos Malbec 2018,2018,85,3.4,Argentina
Cabernet Sauvignon 2015,2015,299.95,4.2,Argentina
Saint-Estèphe 2014,2014,299,4.0,France
Pinot Noir Reserva 2015,2015,79.95,3.6,Chile
Blanc 2019,2019,67,4.1,France
Appellation La Consulta Malbec 2015,2015,129.95,4.0,Argentina
Châteauneuf-du-Pape 2016,2016,269.95,4.3,France
Toscana Le Cupole Rosso 2011,2011,350,4.0,Italy
Massal 1945 Cabernet Sauvignon 2016,2016,149.95,4.0,Chile
HEBO (Suvereto) 2018,2018,109,3.8,Italy
Ventoux Quintessence 2015,2015,159.95,4.0,France
Ribera Del Duero Reserva 2012,2012,249,4.2,Spain
Corralillo Cabernet Sauvignon 2015,2015,200,4.0,Chile
Vieilles Vignes Rouge Costières de Nîmes 2017,2017,149,3.6,France
La Côte Sauvage Cairanne 2015,2015,379,4.2,France
Noà (Tenuta Presti e Pregni) 2014,2014,249.95,4.1,Italy
Alastro 2016,2016,179,3.7,Italy
Paralléle 45 Côtes du Rhône Rouge 2018,2018,129,3.6,France
Chianti 2018,2018,95,3.3,Italy
Altitud Malbec 2016,2016,169,3.8,Argentina
Pauillac de Latour 2014,2014,699.95,4.2,France
Reserva (Field Blend) 2017,2017,249.95,4.2,Portugal
Crozes-Hermitage Les Meysonniers 2018,2018,175,3.9,France
Basa Blanco 2019,2019,79.95,3.9,Spain
Limne 2018,2018,89,4.0,Italy
La Poja (Monovitigno Corvina Veronese) 2013,2013,699,4.3,Italy
Sauvignon Blanc 2016,2016,299,4.1,United States
Berola 2016,2016,139.50,4.0,Spain
Brunello di Montalcino 2012,2012,340,4.2,Italy
Cold Creek Vineyard Cabernet Sauvignon 2015,2015,349,4.1,United States
Fumé Blanc 2018,2018,329,3.8,United States
Chablis 2018,2018,179.75,3.9,France
Superior (Organic Vineyards) 2016,2016,159.95,3.8,Portugal
Condrieu La Doriane 2016,2016,695,4.2,France
Chryseia Douro 2017,2017,579,4.6,Portugal
Granja Gran Reserva Rioja 2009,2009,350,4.3,Spain
Riesling Trocken 2019,2019,149.95,3.7,Germany
Pomerol 2014,2014,319,4.0,France
Amon-Ra Shiraz 2014,2014,599,4.4,Australia
Saint-Julien 2015,2015,399,3.9,France
Château d'Ampuis Côte-Rôtie 2009,2009,1794.95,4.3,France
Brunello di Montalcino 2013,2013,375,4.1,Italy
Valpolicella Ripasso Superiore 2018,2018,139,4.0,Italy
Bricco dell'Uccellone Barbera d'Asti 2017,2017,499.95,4.4,Italy
Pieve Santa Restituta Brunello di Montalcino 2015,2015,599.95,4.4,Italy
Appassimento 2018,2018,79,4.0,Italy
Siepi 2015,2015,849,4.4,Italy
Vermentino di Sardegna 2019,2019,99,3.4,Italy
Alta Mora Etna Rosso 2017,2017,139.95,3.8,Italy
Pouilly-Fuissé 2015,2015,600,3.8,France
Cos d'Estournel 2012,2012,1250,4.3,France
The Hermit Crab Viognier - Marsanne 2017,2017,125,3.8,Australia
Paula Cabernet Sauvignon 2018,2018,99,3.6,Argentina
Pinotage 2016,2016,79,3.7,South Africa
Classic Gewürztraminer 2016,2016,105,3.8,France
Old Vines White 2017,2017,179.95,4.2,South Africa
Gran Reserva Cabernet Sauvignon 2013,2013,89.95,3.6,Chile
Belpasso Rosso 2017,2017,99,3.7,Italy
Toscana I Sodi di San Niccolo 2012,2012,599,4.2,Italy
Cerro Añon Rioja Gran Reserva 2011,2011,120,4.2,Spain
Barbera d'Alba 2018,2018,175,3.9,Italy
Brunello di Montalcino Montosoli 2012,2012,599.95,4.3,Italy
Syrah 2016,2016,350,4.0,South Africa
Garnacha - Syrah 2018,2018,59.95,3.4,Spain
Saint-Émilion Grand Cru (Grand Cru Classé) 2015,2015,275,4.0,France
Rossj-Bass Langhe 2018,2018,699,4.3,Italy
Château du Vieux-Guinot Saint-Emilion Grand Cru 2015,2015,199,4.1,France
Eremo San Quirico 2017,2017,129,4.2,Italy
Sardón 2017,2017,110,3.8,Spain
Cepparello Red 2016,2016,550,4.3,Italy
Eins Zwei Zero Riesling N.V.,9999,89,3.2,Germany
Casal di Serra Vecchie Vigne Verdicchio dei Castelli di Jesi Classico Superiore 2017,2017,169.95,3.7,Italy
Chianti Classico 2017,2017,119,3.8,Italy
Ventoux Quintessence 2017,2017,159.95,3.9,France
Private Bin Pinot Noir 2016,2016,139,3.5,New Zealand
Syrah 2019,2019,125,3.8,France
Campo dei Gigli Amarone della Valpolicella 2011,2011,399,4.4,Italy
Etna Calderara Sottana Rosso 2015,2015,399,4.1,Italy
San Carlos Estate Malbec 2013,2013,129.95,3.9,Chile
Gran Reserva Malbec 2015,2015,89.95,3.7,Chile
H3 Chardonnay 2014,2014,199,3.6,United States
Chardonnay 2018,2018,229,3.8,United States
Clos Apalta 2016,2016,1149.95,4.6,Chile
Old Vine Zinfandel 2017,2017,129,3.8,United States
Vouvray Le Haut-Lieu Sec 2017,2017,244.95,4.1,France
Grand Ardèche Chardonnay 2018,2018,129,4.0,France
Carmenère Royale 2015,2015,175,4.0,Chile
Reserva Selección de la Familia 2015,2015,180,4.2,Spain
Phigaia (After The Red) 2015,2015,165,4.1,Italy
Etna Rosso 2017,2017,149,3.9,Italy
Riesling Trocken 2018,2018,109,3.9,Germany
Barbaresco 2015,2015,155,3.8,Italy
Lugana 2019,2019,159,3.9,Italy
Bordeaux 2016,2016,90,3.4,France
Ziggurat Montefalco Rosso 2016,2016,109.95,3.8,Italy
Sauvignon Blanc 2019,2019,139,3.7,New Zealand
Bole 2016,2016,111,3.7,Spain
Finca La Zulema Malbec 2019,2019,129,3.7,Argentina
Les Escondudes Châteauneuf-du-Pape 2016,2016,259,4.2,France
Chardonnay Unfiltered 2016,2016,375,4.2,United States
Chianti Classico 2018,2018,139.95,3.7,Italy
Il Bacialé Monferrato Rosso 2015,2015,159.95,3.7,Italy
Riesling 2017,2017,259,3.9,United States
Crianza 2015,2015,169.95,4.0,Spain
Grus de Alcohuaz Mezcla Tinta 2015,2015,120,4.0,Chile
Seven Springs Vineyard Pinot Noir 2017,2017,429,4.1,United States
Chardonnay 2018,2018,209.95,3.8,Italy
Gigondas 2015,2015,199.95,4.0,France
Limited Selection Pinot Noir 2017,2017,125,3.7,Chile
Le Petit Clos 2016,2016,599.95,4.2,Chile
Rioja 2018,2018,65,3.5,Spain
Cabernet Sauvignon Unfiltered 2016,2016,450,4.2,United States
Acróbata Garnacha 2018,2018,60,3.4,Spain
Montepulciano d'Abruzzo Riparosso 2018,2018,109.95,3.6,Italy
KARIA Chardonnay 2018,2018,249,4.2,United States
Colle dei Tigli Bianco del Veneto 2019,2019,85,4.0,Italy
Toscana I Sodi di San Niccolo 2015,2015,599,4.4,Italy
FAY Cabernet Sauvignon 2016,2016,999,4.4,United States
Tradition Pinot Noir 2019,2019,149.95,3.9,Italy
Saffredi 2016,2016,1399,4.4,Italy
El Gordo del Circo Verdejo 2018,2018,115,4.0,Spain
Crianza 2018,2018,80,3.6,Spain
Tanca Farra Alghero 2015,2015,199,3.9,Italy
Bozeto de Exopto Tinto 2017,2017,109.95,3.6,Spain
Pinot Noir 2018,2018,99,3.4,France
Parada de Atauta 2015,2015,500,4.0,Spain
Tessellae GSM Old Vines 2015,2015,109.95,3.8,France
Appellation Paraje Altamira Malbec 2016,2016,129.95,4.0,Argentina
Gran Enemigo Single Vineyard Chacayes Cabernet Franc 2013,2013,599.95,4.4,Argentina
Lalande-de-Pomerol 2016,2016,159,3.8,France
Gigondas 2016,2016,199.95,4.1,France
Châteauneuf-du-Pape 2016,2016,669,4.2,France
Passorosso 2013,2013,235,3.9,Italy
Ribera del Duero 2015,2015,249,4.1,Spain
Miranius 2018,2018,129.95,3.7,Spain
Angimbé (Tenuta Ficuzza) 2018,2018,134.95,3.7,Italy
Valpolicella Classico 2018,2018,95,3.2,Italy
Wachenheimer Riesling 2016,2016,149.95,3.7,Germany
Pinot Noir 2015,2015,99.95,3.6,Argentina
Saumur-Champigny 2017,2017,149.95,3.7,France
Superior (Organic Vineyards) 2015,2015,159.95,4.0,Portugal
Garnacha Tinta 2018,2018,69,3.6,Spain
Roero Arneis 2019,2019,139.95,3.7,Italy
Chardonnay (VIII) 2019,2019,244,4.0,Argentina
Amarone della Valpolicella Classico 2016,2016,599,4.3,Italy
Chablis 2019,2019,199,3.9,France
Haut-Médoc 2012,2012,209.95,3.8,France
Barbera d'Asti Camp du Rouss 2017,2017,209,3.9,Italy
Primitivo di Manduria 2019,2019,99.95,4.0,Italy
Gran Enemigo Single Vineyard El Cepillo Cabernet Franc 2016,2016,599.95,4.6,Argentina
Sàgana (Tenuta San Giacomo) 2014,2014,249.95,4.0,Italy
Martha's Vineyard Cabernet Sauvignon 2010,2010,1999,4.4,United States
Les Tourelles de Longueville Pauillac 2015,2015,499,4.0,France
Single Vineyard Tannat 2018,2018,199.95,4.1,Uruguay
Tempranillo 2016,2016,119,3.8,Spain
Pinot Noir Riserva Monticol 2015,2015,229.95,4.0,Italy
Collio Bianco 2017,2017,229,3.9,Italy
Reserve Pinotage 2017,2017,209,3.9,South Africa
The Lodge Hill Shiraz 2017,2017,119.95,3.7,Australia
Aglianico del Beneventano 2019,2019,79,3.9,Italy
Finca Terrerazo 2016,2016,255,4.1,Spain
Syrah 2015,2015,349.95,4.2,South Africa
Casal di Serra Verdicchio dei Castelli di Jesi Classico Superiore 2019,2019,89.95,3.8,Italy
Cabernet Sauvignon Franschhoek 2016,2016,350,4.3,South Africa
Complantation 2018,2018,199,4.0,France
Barolo 2016,2016,425,4.2,Italy
Black Duck Durif 2019,2019,79,3.7,Australia
Petit Chablis 2018,2018,199,4.0,France
Wairau Reserve Sauvignon Blanc 2018,2018,185,4.1,New Zealand
Gran Enemigo 2016,2016,499.95,4.6,Argentina
Blanco Fermentado en Barrica 2019,2019,109,3.8,Spain
Brunello di Montalcino 2015,2015,289,4.1,Italy
Lanzaga Rioja 2010,2010,199.95,3.9,Spain
Sauvignon Blanc 2019,2019,135,4.1,New Zealand
Gran Reserva 2012,2012,259,3.9,Spain
Uvaggio 2013,2013,229.95,4.0,Italy
1 Uno Primitivo di Manduria Riserva 2017,2017,125,4.2,Italy
Chardonnay 2018,2018,149,3.7,South Africa
Belguardo Vermentino Bianco Toscana 2018,2018,165,3.8,Italy
Nobile di Montepulciano 2017,2017,199,3.8,Italy
Torre Muga 2015,2015,745,4.4,Spain
I Tratturi Primitivo 2018,2018,89,3.7,Italy
Jumilla Silver Label 2019,2019,119,3.9,Spain
Pinot Noir Gran Reserva 2017,2017,119.95,4.0,Chile
Pauillac (Grand Cru Classé) 2013,2013,1075,4.1,France
Single Vineyard Sauvignon Blanc 2019,2019,145,4.0,New Zealand
La Cala Vermentino di Sardegna 2019,2019,125,3.6,Italy
Chianti Colli Senesi 2018,2018,85,3.7,Italy
Vigneto di Popoli Montepulciano d'Abruzzo 2011,2011,199,3.9,Italy
Chianti 2016,2016,85,3.6,Italy
Gran Enemigo Single Vineyard Chacayes Cabernet Franc 2016,2016,599.95,4.6,Argentina
Petit Clos Pinot Noir 2018,2018,169,3.6,New Zealand
Interpretación 2016,2016,999.95,4.4,Spain
Salbide Rioja 2018,2018,100,3.9,Spain
Gevrey-Chambertin 2016,2016,1000,4.1,France
Vigna Loreto Brunello di Montalcino 2015,2015,550,4.1,Italy
Viognier Les Vignes d'à Côté 2016,2016,499,3.7,France
Estate Collection Reserva Cabernet Sauvignon 2016,2016,64.95,3.6,Chile
Superior (Organic Vineyards) 2017,2017,159.95,3.9,Portugal
Pouilly-Fumé Florilège 2018,2018,195,4.1,France
Campo di Sasso Insoglio del Cinghiale 2019,2019,219.95,4.0,Italy
Passorosso 2014,2014,199,3.9,Italy
Grillos Cantores Cabernet Sauvignon (Alto Cachapoal) 2014,2014,150,3.8,Chile
Indian Wells Merlot 2017,2017,239,3.8,United States
Commendator Enrico Selezione N.V.,9999,183.33,3.8,Italy
Carmignano Riserva 2015,2015,299.95,4.2,Italy
Graacher Himmelreich Riesling Kabinett 2018,2018,229.95,4.2,Germany
Gago G 2013,2013,149.95,3.7,Spain
Valpolicella Ripasso Superiore 2014,2014,149,4.0,Italy
Télégramme Châteauneuf-du-Pape 2018,2018,279.95,4.2,France
Appellation San Carlos Cabernet Franc 2016,2016,129.95,4.1,Argentina
Château d'Ampuis Côte-Rôtie 2014,2014,750,4.2,France
Grand Cru Apalta 2017,2017,129.95,4.4,Chile
Viognier 2018,2018,125,3.7,United States
Clancy's Red Blend 2016,2016,175,3.7,Australia
Riesling Federspiel Terrassen 2018,2018,155,3.8,Austria
The Musician Cabernet - Shiraz 2015,2015,119.95,3.7,Australia
Chardonnay 2017,2017,99,3.3,France
Pinot Noir 2016,2016,494,4.2,United States
Montepulciano d'Abruzzo Riserva 2018,2018,105,3.9,Italy
Varvàra Bolgheri 2018,2018,209,4.2,Italy
Riesling 2018,2018,149.95,3.6,Germany
Côte-Rôtie Brune & Blonde de Guigal 2017,2017,450,4.3,France
Monte Bello 2015,2015,1750,4.5,United States
Kloof Street Swartland Rouge 2014,2014,109.95,3.6,South Africa
Estate Vineyards Merlot 2015,2015,144.95,4.0,South Africa
Tocat de l'Ala Negre 2017,2017,159,3.7,Spain
Sela Rioja 2017,2017,159.95,3.9,Spain
Pessac-Léognan (Grand Cru Classé de Graves) 2015,2015,999.95,4.4,France
La Demoiselle de Sociando-Mallet Haut-Médoc 2015,2015,239.95,3.8,France
Blanc de Blancs 2018,2018,229.95,4.1,France
Barbaresco Riserva Rio Sordo 2009,2009,400,4.1,Italy
Fortíssimo 2019,2019,65,3.9,Portugal
Pinot Noir Te Muna Road Vineyard 2015,2015,199.95,4.1,New Zealand
Grüner Veltliner 2019,2019,110,3.9,Austria
Chardonnay Sonoma Coast 2016,2016,339,4.1,United States
Toscana Torrione 2015,2015,149.95,3.7,Italy
Gran Malbec (X) 2017,2017,269,4.4,Argentina
Chardonnay 2019,2019,299,4.2,Italy
JIJIJI Malbec - Pinot Noir 2017,2017,119.95,3.0,Argentina
Wild Sauvignon 2013,2013,199.95,4.2,New Zealand
The Great Bonza Shiraz - Cabernet 2019,2019,99,3.8,Australia
Les Coteaux Côtes du Rhône Villages 2018,2018,139,4.0,France
El Viejo 2018,2018,339,4.3,Spain
Brunello di Montalcino Montosoli 2011,2011,599.95,4.3,Italy
Terre de Mistral Côtes du Rhône 2018,2018,89.95,3.7,France
Crozes-Hermitage Domaine de Thalabert 2016,2016,399,3.9,France
Il Sestante Valpolicella Ripasso 2017,2017,169,4.0,Italy
Gran Reserva Rioja (Finca Ygay) 2014,2014,405,4.3,Spain
Pauillac (Grand Cru Classé) 2016,2016,1999,4.4,France
Saint-Julien (Grand Cru Classé) 2015,2015,795,4.3,France
Clos del Portal Negre de Negres 2017,2017,229.95,4.2,Spain
Pauillac (Grand Cru Classé) 2016,2016,449,4.1,France
Saint-Julien (Grand Cru Classé) 2015,2015,999,4.2,France
Passobianco 2016,2016,215,4.1,Italy
Ursprung 2018,2018,99,3.8,Germany
Gattinara 2016,2016,499,4.1,Italy
Riesling Trocken 2018,2018,159,3.9,Germany
Résonance Pinot Noir 2016,2016,359,4.0,United States
ViBo Malbec 2007,2007,249.95,4.0,Argentina
Santa Rita Hills Pinot Noir 2018,2018,249,4.1,United States
Petit Clos Sauvignon Blanc 2018,2018,169,3.7,New Zealand
Pinot Noir Riserva Monticol 2016,2016,229.95,4.1,Italy
Quíbia (Falanis) 2018,2018,145,3.8,Spain
Toscana Torrione 2013,2013,149.95,3.7,Italy
Prior 2017,2017,299,4.0,Spain
Pauillac (Grand Cru Classé) 2015,2015,779,4.2,France
Arbois Savagnin Ouillé 2016,2016,275,4.0,France
Les Allées de Cantemerle Haut-Médoc 2015,2015,179.95,3.8,France
Torrontés 2016,2016,89.95,3.6,Argentina
Tenuta Guado al Tasso Cont'Ugo Bolgheri 2018,2018,259,4.3,Italy
Kloof Street Old Vine Chenin Blanc 2018,2018,109.95,3.8,South Africa
Pinot Noir 2013,2013,269.95,4.0,New Zealand
Appellation San Carlos Cabernet Franc 2015,2015,129.95,3.9,Argentina
El Regalo 2016,2016,300,4.1,Spain
Ribera del Duero 2016,2016,189,4.1,Spain
Gran Reserva 2011,2011,160,4.0,Spain
(B) Old Vine Zinfandel Lodi 2018,2018,145,4.2,United States
Pinot Noir Riserva Monticol 2014,2014,229.95,4.0,Italy
Carmignano Villa di Capezzana 2008,2008,499,3.9,Italy
Poggio Alle Nane Maremma Toscana 2015,2015,499,4.3,Italy
Etna Rosso 2015,2015,149,3.8,Italy
Brunello di Montalcino 2013,2013,749.95,4.4,Italy
Ribera del Duero Crianza 2017,2017,199,3.8,Spain
Gotes del Priorat 2017,2017,129.95,3.8,Spain
Aglianico del Vulture 2015,2015,109,3.6,Italy
Gran Enemigo Single Vineyard Agrelo Cabernet Franc 2011,2011,599.95,4.5,Argentina
Le Versant Pinot Noir 2018,2018,99.75,3.4,France
Toscana Vermentino 2019,2019,169,4.0,Italy
Garnacha 2017,2017,299,4.0,Spain
Billi Billi Shiraz 2013,2013,119,3.6,Australia
Lagrein Riserva Porphyr 2015,2015,449.95,4.4,Italy
Tradition Pinot Noir 2016,2016,149.95,3.7,Italy
Quarz Sauvignon 2018,2018,309.95,4.5,Italy
Langhe Nebbiolo 2018,2018,129.95,3.7,Italy
Lagrein Riserva Gries 2014,2014,195,4.0,Italy
California Zinfandel 2015,2015,229,4.1,United States
Donna Marzia Primitivo Salento 2019,2019,89.50,3.8,Italy
Adrianna Vineyard Gualtallary Malbec 2009,2009,695,4.4,Argentina
Mâcon-Verzé 2018,2018,375,4.0,France
Relentless 2015,2015,679,4.4,United States
Lytton Estate Petite Sirah 2016,2016,315,4.1,United States
Pinot Noir 2018,2018,125,3.7,United States
Pinot Noir 2016,2016,225,4.0,New Zealand
Valpolicella Classico 2019,2019,129,3.5,Italy
446 Chardonnay 2018,2018,139,3.7,United States
Passorosso 2016,2016,250,4.0,Italy
Château d'Ampuis Côte-Rôtie 2008,2008,1295,4.3,France
Camille de Labrie Rouge 2016,2016,99.95,3.7,France
Lagrein Riserva Porphyr 2014,2014,375,4.3,Italy
Rosso 2017,2017,169,3.8,Italy
Carmignano Villa di Capezzana 2009,2009,425,4.0,Italy
Brunello di Montalcino 2013,2013,495,4.1,Italy
Pirinenca Tempranillo 2016,2016,129,3.6,Spain
Sogni e Follia Rosso di Montalcino 2015,2015,195,4.0,Italy
Ribera del Duero Red 2016,2016,199,4.2,Spain
Clamor Tinto 2018,2018,89,3.3,Spain
Appassimento Organico Rosso 2019,2019,149,3.9,Italy
Reserva 2015,2015,450,4.4,Spain
Gimblett Gravels Sophia 2013,2013,395,4.3,New Zealand
Nicolás Catena Zapata 2017,2017,599.95,4.7,Argentina
Côtes Du Rhône Roulepierre Rouge 2016,2016,225,3.5,France
Selección Especial Jumilla 2018,2018,58,3.5,Spain
Riserva Nova Domus Terlaner 2015,2015,335,4.3,Italy
Douro Tinto (Colheita Unoaked) 2019,2019,115,4.2,Portugal
Etna Bianco 2017,2017,229,3.8,Italy
Single Vineyard Block No 4 Malbec 2015,2015,239,4.2,Argentina
Eve Chardonnay 2016,2016,149,3.3,United States
Résonance Vineyard Pinot Noir 2014,2014,499,4.1,United States
LZ Rioja 2018,2018,89.95,3.5,Spain
Los Cantos de Torremilanos 2017,2017,139,3.8,Spain
Crozes-Hermitage Domaine de Thalabert 2018,2018,399,4.1,France
Villa al Cortile Brunello di Montalcino 2015,2015,329,4.0,Italy
Langhe Nebbiolo 2017,2017,169,3.8,Italy
Saint-Émilion Grand Cru 2016,2016,349,4.1,France
S Syrah 2018,2018,75,3.8,Argentina
Lagrein Riserva Porphyr 2016,2016,375,4.4,Italy
Suadens Campania Bianco 2018,2018,129,4.1,Italy
Dominus (Christian Moueix) 2003,2003,1995,4.5,United States
12 Volts 2018,2018,189.50,3.8,Spain
Résonance Pinot Noir 2017,2017,359,3.8,United States
Saintes Pierres de Nalys Châteauneuf-du-Pape Rouge 2016,2016,350,4.1,France
Cùmaro Conero Riserva 2014,2014,169.95,3.8,Italy
Crua Chan Gualta Malbec 2016,2016,269.95,3.7,Argentina
Red Blend 2013,2013,114.95,4.0,Chile
Obac Black Label 2016,2016,160,3.9,Spain
Esprit de Pavie Bordeaux 2014,2014,239,3.9,France
Crimson Pinot Noir 2014,2014,175,3.7,New Zealand
Maremma Toscana Le Sughere di Frassinello 2014,2014,239,3.9,Italy
Chianti Rufina 2017,2017,110,3.7,Italy
Brunello di Montalcino Montosoli 2009,2009,599.95,4.2,Italy
Naia 2019,2019,110,3.8,Spain
Pinot Nero 2018,2018,169,3.9,Italy
Pinot Noir 2011,2011,229.95,3.9,New Zealand
Pinot Noir 2018,2018,150,3.8,Germany
Meursault Les Clous 2016,2016,975,4.2,France
Barbera d'Alba Vignota 2017,2017,159.95,3.8,Italy
Toscana 2016,2016,349,4.2,Italy
Grotta Rossa Carignano del Sulcis 2017,2017,119.95,3.7,Italy
Valpolicella Ripasso Classico Superiore 2018,2018,180,4.0,Italy
Frappato 2016,2016,179,3.7,Italy
Papà Celso Dolcetto 2017,2017,205,3.8,Italy
Godina Garnacha 2018,2018,169,4.4,Spain
Cabernet Sauvignon (Ou Kalant) 2017,2017,85,3.5,South Africa
Le XV du Président Côtes Catalanes 2019,2019,89,4.0,France
Belle Naturelle Grüner Veltliner Ernte 2018,2018,199,3.6,Austria
Comoloco Monastrell 2018,2018,69,3.6,Spain
Pinot Noir 2019,2019,169,4.1,United States
Malleolus de Sanchomartin 2010,2010,1099.95,4.6,Spain
Las Uvas de la Ira 2016,2016,199.95,3.9,Spain
Old Vines White 2018,2018,179.95,4.1,South Africa
Martha's Vineyard Cabernet Sauvignon 2012,2012,1999,4.5,United States
Chimères 2017,2017,99,3.8,France
Cuvée Alexandre Carmenère (Apalta Vineyard) 2018,2018,159.95,4.1,Chile
Aglianico Campania Rue Dell'Inchiostro 2018,2018,59.95,3.8,Italy
Cabernet Sauvignon 2016,2016,169,3.8,South Africa
Vive Malbec 2018,2018,115,3.8,Argentina
Quercegobbe Merlot (Querce Gobbe) 2016,2016,199,4.2,Italy
Prima Pietra 2016,2016,339,4.3,Italy
Rioja Reserva 2013,2013,139.95,4.1,Spain
Appellation Agrelo Cabernet Sauvignon 2014,2014,129.95,3.8,Argentina
The Barry Bros 2016,2016,109.95,3.6,Australia
Zinfandel 2018,2018,169,3.9,United States
Syrah 2014,2014,350,4.3,South Africa
Ancient Vines Mourvèdre 2017,2017,189,3.8,United States
Pistus Etna Rosso 2017,2017,159.95,3.9,Italy
Guerriero Nero 2018,2018,149,4.3,Italy
Chianti Biskero 2019,2019,159,3.7,Italy
No.18 2015,2015,299,4.2,Spain
Seven Deadly Red 2017,2017,119,3.8,United States
Barolo 2014,2014,229,4.0,Italy
Fronsac 2015,2015,299,3.9,France
Blanc 2019,2019,91.67,3.8,France
Châteauneuf-du-Pape 2014,2014,419.95,4.1,France
Riserva Nova Domus Terlaner 2016,2016,335,4.2,Italy
Lovely Lilly Pinot Noir 2018,2018,135,3.9,Germany
Toscana Mediterra 2018,2018,169,3.8,Italy
Goulée by Cos d’Estournel 2015,2015,295,3.9,France
Barolo 2016,2016,249.95,4.1,Italy
Toscana Pian di Nova Rosso 2017,2017,179,3.9,Italy
Cabernet Sauvignon 2016,2016,149.95,3.6,United States
Appellation Agrelo Cabernet Sauvignon 2015,2015,129.95,3.7,Argentina
Peter And The Wolf Red 2018,2018,149,3.8,Portugal
Dominio de Atauta 2015,2015,800,4.1,Spain
Linda Vista Vineyard Chardonnay 2018,2018,299,4.1,United States
Saint-Émilion Grand Cru 2015,2015,199,4.1,France
Haut-Médoc 2013,2013,169.95,3.4,France
Corazón Loco Tinto 2018,2018,79,3.4,Spain
Pino Doncel Cinco Meses 2016,2016,199,3.8,Spain
The Plateau Pinot Noir 2018,2018,130,3.6,New Zealand
Undicicomuni Barolo 2014,2014,225,3.9,Italy
Madremía 2018,2018,129,3.8,Spain
The Possessor (Tolliver Ranch Vineyard) 2016,2016,349,4.1,United States
Lagrein Riserva Gries 2013,2013,195,3.9,Italy
Atlantis White 2017,2017,109.95,3.6,Greece
Pinot Noir 2017,2017,399,3.7,Austria
Roda I Reserva Rioja 2013,2013,395,4.4,Spain
Malleolus de Valderramiro 2015,2015,799.95,4.6,Spain
Cuvée Réservée Châteauneuf-du-Pape Rouge 2016,2016,499,4.2,France
Cabernet Sauvignon Pago Valdebellón 2015,2015,575,4.3,Spain
Tradition Pinot Grigio 2019,2019,129.95,3.9,Italy
Valpolicella Classico 2019,2019,125,3.6,Italy
Savigny-Lès-Beaune Premier Cru Les Lavières 2017,2017,450,4.0,France
San Leonardo 2015,2015,699,4.4,Italy
Nebbiolo Langhe Ginestrino 2017,2017,169.95,3.9,Italy
Barbera d'Alba Tre Vigne 2018,2018,199,3.9,Italy
Côte-Rôtie Ampodium 2015,2015,550,4.1,France
Burdese 2013,2013,249,3.8,Italy
Cavallino 2018,2018,69,3.9,Italy
Opi Montepulciano d'Abruzzo Colline Teramane Riserva 2012,2012,165,4.1,Italy
Cletus 2016,2016,79,3.8,Italy
El Viejo 2017,2017,299,4.2,Spain
Gemei 2018,2018,159,3.8,Italy
Rejón Tempranillo 2015,2015,299,4.3,Spain
Toscana Lamelle 2019,2019,165,3.8,Italy
L'Atelier Malbec de Crocus 2014,2014,180,3.8,France
Syrah 2017,2017,69.95,3.8,Argentina
Equinox Campania Rosso Amabile 2017,2017,99,3.9,Italy
Chablis 2019,2019,149,3.8,France
Médoc 2009,2009,199,3.6,France
Dolcetto d’Alba 2017,2017,184.95,3.9,Italy
Pomerol 2016,2016,349,3.8,France
d'Arry's Original Shiraz - Grenache 2017,2017,140,3.7,Australia
Il Sasso Carmignano 2017,2017,229.95,4.2,Italy
El Picaro 2020,2020,109,3.9,Spain
Helan Mountain Range Cabernet Sauvignon 2017,2017,134.95,3.0,China
Quíbia (Falanis) 2015,2015,169.95,3.8,Spain
Fantini Sangiovese Terre di Chieti 2019,2019,84.17,3.6,Italy
Grande Cuvée Chablis 1er Cru 2017,2017,279.95,3.9,France
Rosso di Montalcino 2017,2017,160,3.9,Italy
Lanzaga Rioja 2011,2011,179.95,3.9,Spain
DB Family Selection Gewürztraminer - Riesling 2017,2017,58,3.7,Australia
Bandol 2017,2017,299.95,4.2,France
Valpolicella Classico Lena di Mezzo 2018,2018,79,3.7,Italy
Cosecha 2018,2018,349,4.4,Spain
Estate Vineyards Cabernet Sauvignon 2017,2017,219.95,4.2,South Africa
Le Rosse Pinot Grigio 2019,2019,129,3.6,Italy
Martha's Vineyard Cabernet Sauvignon 2009,2009,1999,4.5,United States
Barolo 2016,2016,249,4.2,Italy
Riesling 2019,2019,85,3.7,Germany
Grotta Rossa Carignano del Sulcis 2016,2016,119.95,3.6,Italy
4R Cuatro Rayas Verdejo 2019,2019,69.75,3.9,Spain
Pauillac (Grand Cru Classé) 2015,2015,1399.95,4.4,France
Pillastro Selezione d'Oro Primitivo - Negroamaro 2019,2019,109,4.1,Italy
Guerriero del Mare 2018,2018,249,4.5,Italy
Viña Tondonia Reserva Blanco 2007,2007,599,4.2,Spain
Cincuenta y Cinco Pinot Noir 2015,2015,299.95,4.1,Argentina
Watervale Riesling 2020,2020,109.95,3.8,Australia
Mercurey 1er Cru Clos des Myglands 2018,2018,350,4.2,France
Adrianna Vineyard River Stones Malbec 2015,2015,795,4.8,Argentina
PORER Pinot Grigio 2018,2018,219,3.8,Italy
Pinotage 2019,2019,135,3.6,South Africa
Chardonnay 2019,2019,199,3.7,Italy
Barolo Riserva 1982,1982,1795,4.6,Italy
Pessac-Léognan 2016,2016,239,3.8,France
Chianti Classico 2015,2015,179.95,3.9,Italy
Priorat 2017,2017,649,4.5,Spain
Haut-Médoc 2014,2014,199,3.6,France
Las Uvas de la Ira 2015,2015,199.95,3.7,Spain
Fosso della Rosa N.V.,9999,125,3.9,Italy
Cielo d'Ulisse Brunello di Montalcino 2013,2013,330,4.2,Italy
Hannibal 2013,2013,255,4.3,South Africa
181 Merlot 2016,2016,139,3.6,United States
ViBo Viñedo Centenario 2017,2017,125,4.0,Chile
Chablis 1er Cru 'Fourchaume' 2016,2016,250,4.2,France
Brunello di Montalcino Le Potazzine 2013,2013,350,4.1,Italy
Collezione Privata Roma Rosso 2018,2018,129.95,3.9,Italy
Gran Malbec 2015,2015,480,4.1,Argentina
EQ Syrah 2014,2014,250,4.2,Chile
Maremma Toscana 2015,2015,399,4.2,Italy
Aliotto Toscana 2016,2016,99.95,3.5,Italy
Les Remparts Bourgogne Chardonnay 2018,2018,119,4.0,France
Sousão 2015,2015,199.95,4.1,Portugal
L'Atelier Malbec de Crocus 2012,2012,139.95,3.8,France
Aliotto Toscana 2015,2015,99.95,3.6,Italy
M3 Chardonnay 2017,2017,229,4.0,Australia
Treinta y Dos Pinot Noir 2011,2011,595,4.3,Argentina
Valpolicella Superiore Monte Lodoletta 2013,2013,715,4.4,Italy
Stags Leap District Cabernet Sauvignon 2017,2017,475,4.4,United States
Crianza 2016,2016,120,3.9,Spain
Lindes de Remelluri Viñedos de Labastida 2016,2016,199.95,3.9,Spain
Reserva Syrah 2010,2010,139,3.4,Chile
Old Vine Zinfandel 2018,2018,285,3.8,United States
Chardonnay 2017,2017,165,3.8,United States
Straits Grand Reserve Sauvignon Blanc 2019,2019,120,3.9,New Zealand
Château d'Ampuis Côte-Rôtie 2005,2005,1500,4.4,France
Appellation Syrah 2016,2016,139,3.9,Argentina
Chianti Classico 2017,2017,229,4.0,Italy
Chardonnay 2016,2016,279.95,4.0,United States
Crianza 2016,2016,139,3.9,Spain
La Casa Brunello di Montalcino 2013,2013,599,4.2,Italy
Eneo Toscana 2014,2014,199,4.1,Italy
Connétable Talbot Saint-Julien 2017,2017,269,4.1,France
Adrianna Vineyard White Bones Chardonnay 2012,2012,650,4.3,Argentina
Valsotillo Crianza 2014,2014,599,3.9,Spain
Barolo 2015,2015,249.95,4.0,Italy
Negroamaro - Primitivo 2019,2019,99,3.8,Italy
Margaux 2015,2015,295,4.0,France
Titolo 2015,2015,399,3.9,Italy
Toscana Torrione 2016,2016,149.95,3.8,Italy
Galets Rouges Costières-de-Nîmes 2019,2019,95,3.7,France
Single Vineyard Albariño 2018,2018,199.95,4.1,Uruguay
Lalande-de-Pomerol 2015,2015,249,3.9,France
Rosal Triple 2017,2017,129,3.9,Spain
Reserve Chardonnay 2017,2017,269,4.0,United States
Turriga Isola dei Nuraghi 2016,2016,499,4.4,Italy
Millennium 2017,2017,159,3.6,South Africa
Pinot Noir 2019,2019,64,3.7,France
Blanc de Blancs 2016,2016,199.95,4.0,France
Nero d'Avola 2019,2019,80.83,3.6,Italy
Pinot Noir 2015,2015,225,4.0,New Zealand
Pinot Noir (Glorieta Vineyard) 2017,2017,99.95,3.6,Argentina
Sauvignon Blanc 2016,2016,79.95,3.5,France
Achille Rosso 2018,2018,89,3.9,Italy
Haut-Médoc 2010,2010,129.95,3.5,France
Palette Rouge 2015,2015,399.95,4.1,France
Collezione '53 Old Vines Primitivo di Manduria 2015,2015,199,4.5,Italy
Barolo Monfalletto 2016,2016,299,4.3,Italy
30 Mile Shiraz 2018,2018,79.75,3.7,Australia
Old Vines White 2019,2019,179.95,4.2,South Africa
Barbaresco Riserva Pora 2009,2009,350,4.1,Italy
Tor di Lupo Lagrein Riserva 2015,2015,295,4.3,Italy
Il Pino di Biserno 2018,2018,389.95,4.3,Italy
Chianti Classico Gran Selezione Il Margone 2012,2012,550,4.2,Italy
Sammarco 2011,2011,499.95,4.2,Italy
Bric Balin Barbaresco 2012,2012,400,4.1,Italy
Pin 2012,2012,595,4.0,Italy
Nebbiolo d’alba 2016,2016,289.95,3.8,Italy
Echo de Lynch-Bages Pauillac 2016,2016,399,4.1,France
Altrovino Merlot - Cabernet Franc 2015,2015,449,4.1,Italy
Château Grenouilles Chablis Grand Cru 2014,2014,495,4.2,France
Message in a Bottle Rosso 2018,2018,144.95,3.8,Italy
Châteauneuf-du-Pape 2014,2014,350,4.0,France
Martha's Vineyard Cabernet Sauvignon 2006,2006,1499,4.6,United States
Tenuta Montebello Picconero 2010,2010,450,4.4,Italy
Le Fornaci Lugana 2019,2019,139,3.9,Italy
Poggio Valente 2016,2016,179,4.0,Italy
Rioja Gran Reserva 2013,2013,211,4.0,Spain
Brunello di Montalcino 2008,2008,1470,4.3,Italy
Amarone della Valpolicella Classico 2015,2015,255,4.0,Italy
Cabernet Sauvignon 2017,2017,129,3.8,United States
Cabernet Sauvignon 2015,2015,586,4.3,United States
Châteauneuf-du-Pape 2015,2015,299.95,4.2,France
Cabernet Sauvignon 2016,2016,299.95,4.2,Argentina
Langhe Nebbiolo 2017,2017,499,3.9,Italy
Walker Bay Pinot Noir 2017,2017,159.95,3.8,South Africa
Les Cailloux Châteauneuf-du-Pape 2017,2017,399,4.3,France
India Ink Red 2013,2013,189.95,3.8,United States
Red Blend (Mossfire Ranch) 2018,2018,199,3.5,United States
Le Crosare Valpolicella Ripasso Classico Superiore 2017,2017,399,3.9,Italy
Pago Negralada Tempranillo 2015,2015,550,4.3,Spain
Côte-Rôtie Ampodium 2011,2011,550,4.0,France
Tradition Lagrein 2015,2015,119.95,3.6,Italy
Grand Cru Maipo 2017,2017,129.95,4.5,Chile
Grand Cru Maipo 2017,2017,129.95,4.5,Chile
Nebbiolo Langhe 2018,2018,129,3.9,Italy
Otto Soave Classico 2019,2019,139,3.9,Italy
Marquis de Pennautier Terroirs d'Altitude Chardonnay 2016,2016,115,3.8,France
Vaucluse 2017,2017,129.95,3.8,France
Frans Malan Cape Blend 2015,2015,249,3.9,South Africa
Flor de Vetus Verdejo 2019,2019,100,3.8,Spain
Nico Malbec 2014,2014,595,4.6,Argentina
Le Saint-Estephe de Montrose 2015,2015,299.95,3.9,France
Carmignano Villa di Capezzana 2015,2015,349,4.0,Italy
QS2 2016,2016,179,4.1,Spain
Estate Chardonnay 2017,2017,495,4.2,United States
Eve Chardonnay 2017,2017,115,3.3,United States
Blanc de Morgex et de la Salle 2016,2016,245,3.8,Italy
Chianti Classico Riserva 2017,2017,250,4.1,Italy
Barbaresco Riserva Muncagota 2011,2011,400,4.3,Italy
Ventoux 2016,2016,69.95,3.6,France
Gota de Arena 2018,2018,79,3.7,Spain
Finca Santa Maria 2018,2018,149,3.6,Spain
Finca Meixeman Ribeira Sacra Mencia 2018,2018,231,3.9,Spain
Appellation Paraje Altamira Malbec 2014,2014,129.95,3.8,Argentina
Rioja Gran Reserva 2014,2014,255,4.3,Spain
Hermitage 2016,2016,450,4.3,France
Châteauneuf-du-Pape Closerie de Vaudieu Rouge 2018,2018,199.95,4.1,France
Golden West Pinot Noir 2018,2018,249,3.4,United States
Barolo 2015,2015,525,4.1,Italy
Reserva Carmenère 2018,2018,80,3.5,Chile
Musso Sauvignon Blanc 2018,2018,99,3.6,Spain
Il Sapiente Sangiovese 2018,2018,119,3.8,Italy
Balasto 2016,2016,550,4.4,Uruguay
Margaux 2016,2016,499,4.2,France
Löwengang Chardonnay 2016,2016,459,4.3,Italy
Saint-Véran 2018,2018,139.95,3.9,France
Zinfandel 2018,2018,315,4.5,United States
Seminare Malbec 2015,2015,650,4.1,Argentina
Santa Cecilia Nero d'Avola 2016,2016,279,4.0,Italy
Gimblett Gravels Vineyard Te Kahu 2015,2015,149.95,3.8,New Zealand
Riesling Trocken 2019,2019,159,3.8,Germany
Saint-Émilion Grand Cru 2016,2016,199,4.0,France
Haut-Médoc 2016,2016,179.95,3.7,France
Saint-Émilion Grand Cru 2015,2015,299,3.7,France
Shiraz - Cabernet Sauvignon - Malbec 2020,2020,79,3.6,Argentina
Malavoglia Valpolicella Ripasso Classico Superiore 2017,2017,159.95,3.9,Italy
Acróbata Garnacha 2019,2019,60,3.4,Spain
Pencarrow Pinot Noir 2016,2016,165,3.7,New Zealand
Rouge (Gaston Hochar) 2014,2014,319.95,4.2,Lebanon
Barolo 2016,2016,499,4.3,Italy
Hito 2019,2019,109,3.8,Spain
Conte Gastone Amarone della Valpolicella 2015,2015,369,4.1,Italy
Gaba do Xil Godello 2019,2019,109.95,3.8,Spain
Pauillac (Grand Cru Classé) 2016,2016,449,4.1,France
Sauvignon Blanc 2017,2017,149,3.8,South Africa
Zinfandel 2018,2018,125,3.8,United States
Passobianco 2015,2015,215,4.0,Italy
Marlborough Pinot Noir 2016,2016,169,3.7,New Zealand
Sauvignon Blanc 2019,2019,99,3.6,United States
M2 de Matallana 2013,2013,199.95,4.0,Spain
Château Haut-Bailly (Cru Classé de Graves) 2016,2016,1299.95,4.1,France
Blanc de Blancs 2017,2017,229.95,4.1,France
Ribera Del Duero 12 Meses en Barrica (Crianza) 2017,2017,199.95,3.9,Spain
Cair Cuvée 2018,2018,179,3.8,Spain
La Flor Sauvignon Blanc 2015,2015,129,3.7,Argentina
Chardonnay Bourgogne Les Ursulines 2019,2019,169,3.7,France
Tenuta Montebello Picconero 2011,2011,450,4.4,Italy
Barolo 2014,2014,249.95,3.9,Italy
Gualta 2013,2013,395,4.4,Argentina
Cabernet Sauvignon - Merlot 2018,2018,105,3.3,South Africa
Condrieu La Petite Côte 2018,2018,399,4.2,France
Saint-Estèphe (Grand Cru Classé) 2014,2014,1299,4.4,France
Chinon 2017,2017,119.95,3.7,France
Viu 8 Cuvée Infinito 2016,2016,350,4.2,Chile
Pauillac (Grand Cru Classé) 2016,2016,1495,4.4,France
Dagromis Barolo 2016,2016,799,4.3,Italy
CiFRA Cabernet Franc 2016,2016,349,4.0,Italy
Verdejo 2020,2020,99.95,4.3,Spain
Marquis de Calon Saint-Estèphe 2017,2017,273,4.0,France
Flor de Pingus 2018,2018,715,4.6,Spain
Barolo Cerequio 2013,2013,699,4.2,Italy
Etna Rosso 2019,2019,149,3.8,Italy
Messaggero Vino Nobile di Montepulciano 2015,2015,175,4.2,Italy
Tianna Bocchoris Negre 2015,2015,149.25,3.9,Spain
Hermitage Monier de la Sizeranne 2014,2014,549,4.1,France
Bordeaux 2016,2016,80,3.5,France
Cabernet Sauvignon 2015,2015,169,3.8,South Africa
Merlot 2014,2014,649,4.3,United States
Adrianna Vineyard River Stones Malbec 2016,2016,1495,4.6,Argentina
Estate Series Sauvignon Blanc 2020,2020,99,4.0,New Zealand
Carapace Montefalco Sagrantino 2010,2010,199.95,4.0,Italy
M2 de Matallana 2012,2012,179.95,4.0,Spain
Barolo 2013,2013,395,3.9,Italy
Marquis Red 2018,2018,159,3.8,United States
Finca la Cuesta 2014,2014,99.95,3.5,Spain
Valsotillo Finca Buenavista 2016,2016,189,3.8,Spain
Napa Valley Chardonnay 2014,2014,1995,4.4,United States
1694 Classification Red 2015,2015,899.95,4.6,South Africa
Ethos Reserve Cabernet Sauvignon 2013,2013,505,4.2,United States
Pinot Noir Terres de Famille 2014,2014,229.95,3.8,France
Carmignano Villa di Capezzana 2016,2016,349,4.0,Italy
Saint-Estèphe 2017,2017,225,3.9,France
Vaucluse 2015,2015,129.95,3.8,France
Tinto 2018,2018,89,3.4,Spain
Castell De Raimat Chardonnay 2019,2019,115,3.6,Spain
Matulán Crianza Rioja 2016,2016,120,3.7,Spain
Chardonnay 2015,2015,239,3.7,United States
Bandol Rouge 2018,2018,259.95,4.3,France
Les Darons Rouge 2019,2019,75,3.9,France
Circle of Life Red 2012,2012,96,4.0,South Africa
Paul Sauer 2017,2017,429,4.4,South Africa
Syrah 2019,2019,79.95,3.7,Italy
Valpolicella Superiore 2018,2018,99,3.8,Italy
Cavolo Amarone della Valpolicella 2013,2013,299,3.9,Italy
Grenache 2015,2015,79.95,3.4,France
Rosso di Montalcino 2018,2018,100,3.9,Italy
La Nymphina Monastrell 2017,2017,79,3.8,Spain
Barolo 2016,2016,130,3.5,Italy
Pinot Noir Terres de Famille 2015,2015,229.95,4.0,France
Chardonnay 2016,2016,157,4.0,United States
Châteauneuf-du-Pape Chaupin 2013,2013,329,4.1,France
Les Pargues Chablis 2018,2018,140,3.9,France
Sito Moresco Langhe 2018,2018,499,4.3,Italy
Philip 2016,2016,299,4.1,Italy
Balasto 2015,2015,550,4.4,Uruguay
Bourgogne Pinot Noir 2014,2014,225,3.9,France
Gigondas Terrasse du Diable 2015,2015,319.95,3.9,France
Valpolicella Classico 2018,2018,109.95,3.8,Italy
Il Carbonaione Alta Valle della Greve 2014,2014,359.95,4.0,Italy
La Tartufaia Barolo 2015,2015,899,4.0,Italy
Voglar Sauvignon 2014,2014,300,3.9,Italy
Les Remparts Bourgogne Pinot Noir 2017,2017,119,3.6,France
Agiorgitiko by Gaia 2016,2016,119.95,3.5,Greece
Etna Santo Spirito Rosso 2017,2017,349,4.1,Italy
El Titán del Bendito 2015,2015,449,4.6,Spain
242 Sauvignon Blanc 2018,2018,139,3.6,United States
Petite Arvine 2018,2018,159,3.8,Italy
Châteauneuf-du-Pape 2012,2012,376,4.1,France
Winemaker's Cuvée Pinot Noir 2014,2014,299,4.1,United States
Morandina Valpolicella Ripasso Superiore 2018,2018,239,3.8,Italy
Bourgogne Pinot Noir 2017,2017,225,4.0,France
25 anni Montefalco Sagrantino 2010,2010,599,4.2,Italy
Mantel Blanco Verdejo 2018,2018,139,3.7,Spain
Vetas Blancas Reserva Especial Pinot Noir 2015,2015,129,3.7,Chile
Chardonnay 2017,2017,179,4.0,United States
Toscana Le Cupole Rosso 2018,2018,235,4.1,Italy
Sauvignon Blanc 2020,2020,139.95,4.1,New Zealand
Lindes de Remelluri Viñedos de San Vicente 2016,2016,199.95,3.9,Spain
Barbaresco Riserva Pora 2013,2013,375,4.2,Italy
Rioja Reserva 2014,2014,199,4.2,Spain
Vürsù Barolo Campè 2012,2012,1495,4.5,Italy
Bardolino 2018,2018,110,3.5,Italy
Cairanne Le Pavillon Des Courtisanes 2016,2016,139,3.8,France
Promessa Feteasca Neagra - Syrah 2017,2017,100,3.8,Romania
Vom Haus Riesling 2019,2019,349,3.7,Germany
Torre Muga 2016,2016,749,4.5,Spain
Lily's Garden Shiraz 2017,2017,350,4.2,Australia
Shiraz - Pinotage 2019,2019,99,3.9,South Africa
Brunello di Montalcino 2015,2015,649,4.4,Italy
Terroir Series Malbec 2016,2016,129,3.7,Argentina
Pessac-Léognan 2014,2014,259,3.9,France
El Veneno 2017,2017,229,4.0,Spain
Val di Fara Montepulciano d'Abruzzo 2018,2018,79.95,3.4,Italy
Veneroso 2015,2015,559.95,3.8,Italy
1100 Red 2017,2017,199,3.8,Argentina
Pauillac de Latour 2015,2015,749.95,4.2,France
Pinot Noir Riserva Monticol 2017,2017,229.95,4.1,Italy
Pinot Noir 2018,2018,405,4.2,Australia
Syrah Gimblett Gravels Vineyard 2013,2013,450,3.8,New Zealand
QS2 2015,2015,249,3.9,Spain
Filius Cabernet Sauvignon 2018,2018,180,3.9,Australia
Korem Bovale Isola dei Nuraghi 2016,2016,199,4.2,Italy
Farmhouse White 2017,2017,129,3.7,United States
A Quo Toscana 2017,2017,399.95,3.9,Italy
Chianti Colli Fiorentini 2015,2015,129,3.4,Italy
Barolo Cerequio 2011,2011,699,4.2,Italy
Bandol 2018,2018,309.95,4.2,France
Saffredi 2017,2017,599,4.4,Italy
ViBo Punta del Viento 2013,2013,99.95,3.8,Chile
Cannubi Barolo 2006,2006,499.95,4.2,Italy
Crozes Hermitage Domaine Mule Blanche 2017,2017,369,3.9,France
Time Waits For No One 6M 2018,2018,85,3.9,Spain
Listrac-Médoc 2012,2012,169.95,3.7,France
Chianti Classico 2013,2013,179.95,3.7,Italy
Pomerol 2012,2012,349,3.9,France
Arbois Chardonnay 2015,2015,275,4.1,France
Borrigiano Val d'Arno di Sopra 2018,2018,175,3.6,Italy
Montagne-Saint-Émilion 2017,2017,139,3.9,France
Le Serre Prestige Côtes-du-Rhône Rouge 2018,2018,65,3.9,France
Selección Tardia La Orphica Monastrell 2018,2018,59,3.8,Spain
Chardonnay 2018,2018,75,3.6,Argentina
Boschi Dei Signori Barolo 2015,2015,199.95,3.7,Italy
Puligny-Montrachet 2018,2018,1395,4.4,France
Adrianna Vineyard Fortuna Terrae Malbec 2014,2014,595,4.4,Argentina
Barolo 2016,2016,249,4.1,Italy
Vaucluse 2018,2018,129.95,3.8,France
Saint-Julien (Grand Cru Classé) 2014,2014,679.95,4.0,France
Syrah 2017,2017,350,3.8,South Africa
Chardonnay 2018,2018,125,3.6,United States
Ségla Margaux 2014,2014,369.95,4.1,France
Pelago Marche Rosso 2013,2013,249.95,3.9,Italy
Quattronotti Appassimento Special Edition Night Harvest 2018,2018,99,4.1,Italy
Proudly Family Owned Shiraz 2017,2017,129,3.9,Australia
Brunello di Montalcino 2014,2014,310,4.0,Italy
Dalmau Rioja 2016,2016,689,4.4,Spain
Bourgogne Pinot Noir 2012,2012,225,3.7,France
Village Chardonnay 2014,2014,125,3.5,New Zealand
Châteauneuf-du-Pape 2017,2017,898,4.4,France
Selenia Zinfandel 2018,2018,149,4.0,Italy
Châteauneuf-du-Pape Closerie de Vaudieu Rouge 2019,2019,149.95,4.1,France
Adrianna Vineyard Fortuna Terrae Malbec 2013,2013,599.90,4.5,Argentina
Rosso di Montalcino 2017,2017,199,3.8,Italy
Chianti Classico 2018,2018,180,3.8,Italy
Fronsac 2016,2016,110,3.6,France
Sauvignon Blanc 2020,2020,129,3.9,New Zealand
Monastrell 2018,2018,65,3.8,Spain
Roble 2015,2015,79,3.6,Spain
Arao Carménère 2017,2017,119.95,4.0,Chile
Ribolla Gialla 2012,2012,749,4.0,Italy
Family Vineyards Pinot Noir 2017,2017,250,4.0,South Africa
Bolgheri 2017,2017,250,3.9,Italy
Maremma Toscana Poggio Alla Guardia 2017,2017,159,3.7,Italy
Sémillon 2016,2016,229.95,3.9,South Africa
Tempranillo 2017,2017,59.95,3.3,Spain
Syrah 2013,2013,350,4.2,South Africa
La Garnacha Perdida 2016,2016,249,4.0,Spain
Il Rosso dell'Abazia 2015,2015,320,4.3,Italy
Sexy Beast Cabernet Sauvignon 2019,2019,179.95,3.9,Australia
Fountain of Youth Sauvignon Blanc 2019,2019,150,3.9,South Africa
Tradition Pinot Bianco 2016,2016,119.95,3.8,Italy
Treinta y Dos Pinot Noir 2014,2014,595,4.4,Argentina
Valsotillo Crianza 2015,2015,199,3.9,Spain
Arbois Savagnin Ouillé 2015,2015,275,4.0,France
Gigondas Pierre Aiguille 2017,2017,239,3.8,France
Lugana Sergio Riserva 2017,2017,279,4.3,Italy
Moscato 2019,2019,99,4.0,Australia
Wachenheimer Riesling 2018,2018,149.95,3.8,Germany
Ekam 2018,2018,229,4.1,Spain
Saint-Émilion Grand Cru (Grand Cru Classé) 2013,2013,409.95,4.0,France
Undicicomuni Barolo 2015,2015,225,3.9,Italy
Rioja Reserva 2010,2010,150,3.7,Spain
Afortunado Verdejo Rueda 2018,2018,69,3.6,Spain
Shiraz - Pinotage 2017,2017,99,3.8,South Africa
Petit Chablis 2018,2018,195,4.0,France
Nebbiolo Langhe 2018,2018,179,3.9,Italy
Finca el Carril Hechicero 2014,2014,125,3.7,Spain
Margaux (Grand Cru Classé) 2016,2016,799,4.3,France
Terrasses du Larzac 2015,2015,189.95,3.8,France
Portrait Shiraz 2018,2018,129,3.6,Australia
Domaine des Granges de Mirabel Coteaux-de-l'Ardèche Viognier 2016,2016,159,3.7,France
Saint-Julien (Grand Cru Classé) 2016,2016,695,4.3,France
S Syrah 2019,2019,75,3.6,Argentina
Adrianna Vineyard River Stones Malbec 2013,2013,795,4.5,Argentina
Postales Malbec 2019,2019,69.95,3.5,Argentina
Gimblett Gravels Vineyard Te Kahu 2010,2010,149.95,3.8,New Zealand
Monte Bello 2016,2016,1495,4.5,United States
Riesling Federspiel Terrassen 2019,2019,155,3.8,Austria
Viura - Malvasia 2018,2018,129,3.8,Spain
Cool Coast Pinot Noir 2017,2017,195,4.0,Chile
Pomerol 2015,2015,649.95,4.2,France
Barbera d'Alba Trevigne 2016,2016,129,3.8,Italy
Langhe Nebbiolo 2018,2018,175,3.8,Italy
Petite Arvine 2019,2019,159,3.9,Italy
Pinot Noir Estate Selection 2016,2016,339,4.2,United States
La Nuit Blanche Cabernet Blanc 2019,2019,99,4.0,France
Chardonnay 2019,2019,209.95,3.9,Italy
Ampakama Malbec 2018,2018,75,3.1,Argentina
Barbera Appassimento 2019,2019,90,4.0,Italy
Cuvée Sommelongue Côtes du Rhône 2019,2019,149,3.7,France
Vieilles Vignes Saint-Romain Blanc 2016,2016,229.95,4.0,France
Cabernet Sauvignon 2016,2016,1995,4.6,United States
Heritage Reserve Cabernet Sauvignon 2018,2018,109.95,3.7,United States
Frappato 2018,2018,105,3.3,Italy
Simbiosi Toscana 2015,2015,199,4.2,Italy
Cannubi Barolo 2013,2013,395,4.3,Italy
Zinfandel 2014,2014,249,4.0,United States
Châteauneuf-du-Pape Rouge 2016,2016,595,4.3,France
Hilltops Shiraz 2016,2016,209.95,3.9,Australia
Chablis 1er Cru 'Fourchaume' 2017,2017,250,4.1,France
Ripa della Volta Amarone della Valpolicella 2015,2015,499,4.3,Italy
Uvaggio 2014,2014,229.95,4.1,Italy
Capolemole Rosso 2016,2016,149,3.9,Italy
Château d'Ampuis Côte-Rôtie 2016,2016,895,4.0,France
Contento Vineyard Cabernet Sauvignon 2014,2014,1500,3.8,United States
Boccatone Montefalco Rosso 2013,2013,149,4.0,Italy
Saira Albariño 2018,2018,129,3.8,Spain
Vigna Molsino 2013,2013,499,4.3,Italy
Mother's Milk Shiraz 2017,2017,119.95,3.7,Australia
Passorosso 2017,2017,250,4.0,Italy
Chablis 1er Cru 'Mont de Milieu' 2017,2017,250,4.1,France
Pinot Noir 2018,2018,149,3.7,United States
Moma Rosso 2018,2018,139,3.9,Italy
Gabarinza 2013,2013,249.95,4.1,Austria
Priorat 2016,2016,665,4.2,Spain
Pinot Noir 2016,2016,129.95,3.3,New Zealand
Terrasses du Larzac 2016,2016,189.95,4.0,France
Tabano Bianco 2019,2019,119,4.1,Italy
Monastrell 2014,2014,149,4.1,Spain
Valdeorras Mencia Gaba do Xil 2015,2015,89.95,3.5,Spain
Xarel-Lo 2019,2019,199,3.8,Spain
Assyrtiko 2017,2017,129.95,3.8,Australia
I Tratturi Negroamaro 2018,2018,89,3.7,Italy
Scylla 2017,2017,199,3.8,United States
Viu 1 2013,2013,350,4.1,Chile
Poggio Al Tufo Rompicollo 2017,2017,139,3.7,Italy
Synthesis Malbec 2017,2017,229,4.1,Argentina
Cabernet Sauvignon Reserva 2015,2015,89.95,3.6,Chile
Les Fontanilles Minervois 2015,2015,179.95,4.0,France
Cirsion Rioja 2011,2011,1674.95,4.6,Spain
Rosso di Montalcino (Gorelli) 2016,2016,140,4.0,Italy
Siefersheim Porphyr Riesling 2019,2019,199.95,3.9,Germany
Roubials Rouge 2015,2015,299,4.1,France
Don Anselmo 2013,2013,249,3.9,Italy
Grüner Veltliner Smaragd Terrassen 2019,2019,215,4.0,Austria
Moulis-en-Médoc 2015,2015,279,3.8,France
Barbaresco Riserva Ovello 2014,2014,375,4.2,Italy
Verdejo 2019,2019,99.75,3.6,Spain
Sarget de Gruaud Larose Saint-Julien 2017,2017,269,4.0,France
Brunello di Montalcino 2015,2015,499,4.3,Italy
Saint-Joseph Rouge 2014,2014,325,4.0,France
Estate Cabernet Franc - Tannat (Varietales) 2016,2016,89.95,3.8,Uruguay
Pomerol 2012,2012,1499,4.3,France
Cuvée Expression Costières de Nîmes Rouge 2017,2017,79.95,3.6,France
Ai Suma Barbera d'Asti 2015,2015,650,4.4,Italy
Saint-Estèphe 2016,2016,329,3.9,France
Barolo 2012,2012,249.95,4.0,Italy
Saint-Émilion Grand Cru 2015,2015,299,3.9,France
Amarone della Valpolicella Classico 2017,2017,199,3.7,Italy
Blaye - Côtes de Bordeaux 2018,2018,69,3.9,France
The Lodge Chardonnay 2017,2017,180,3.6,New Zealand
Hermitage 'La Maison Bleue' 2016,2016,749,4.2,France
La Umbra Pinot Noir 2017,2017,71.95,3.1,Romania
Nero d'Avola 2019,2019,99,3.5,Italy
Rondeur Appassimento 2019,2019,69,3.8,France
Marùn Barbera d'Alba Superiore 2015,2015,249,4.1,Italy
HANDS OF TIME Chardonnay 2018,2018,179,4.0,United States
Chianti Classico Riserva 2016,2016,184.95,3.6,Italy
Mestizaje Tinto 2018,2018,75,3.8,Spain
Corralillo Pinot Noir 2017,2017,200,3.9,Chile
Barbera d'Alba Zio Nando 2016,2016,279,4.1,Italy
'Rippon' Mature Vine Pinot Noir 2016,2016,289,3.8,New Zealand
Brunello di Montalcino Le Potazzine 2014,2014,650,4.1,Italy
Nebbiolo d’alba 2017,2017,299.95,4.1,Italy
Médoc 2015,2015,115,3.8,France
Franchetti 2016,2016,850,4.3,Italy
Gigondas 2012,2012,149.95,3.9,France
La Source Seven Springs Vineyard Pinot Noir 2014,2014,700,4.2,United States
Adrianna Vineyard White Bones Chardonnay 2014,2014,650,4.4,Argentina
Riesling Classic 2018,2018,99,3.7,France
Saint-Émilion Grand Cru 2016,2016,299,4.2,France
Wachenheimer Riesling 2017,2017,149.95,3.7,Germany
Côte de Beaune Villages 2015,2015,219,3.7,France
Gran Reserva 2013,2013,99,3.6,Spain
Pinot Grigio Alto Adige 2018,2018,139,3.8,Italy
Sauvignon Blanc 2019,2019,129,3.9,South Africa
La Poja (Monovitigno Corvina Veronese) 2015,2015,799,4.1,Italy
Zotikos Rosso 2017,2017,179,4.2,Italy
Pauillac (Grand Cru Classé) 2016,2016,1995,4.5,France
Gigondas 2015,2015,199.95,4.1,France
Château d'Ampuis Côte-Rôtie 2004,2004,1199.95,4.4,France
Saint-Julien 2016,2016,285,4.0,France
Résonance Vineyard Pinot Noir 2015,2015,499,4.1,United States
Gigondas 2017,2017,215,4.1,France
Le Cirque Rouge 2015,2015,69,3.3,France
Margaux (Grand Cru Classé) 2016,2016,595,4.3,France
The Whole Shebang Twelfth Cuvée N.V.,9999,149,3.7,United States
Omaka Reserve Chardonnay 2018,2018,185,3.9,New Zealand
Château Grenouilles Chablis Grand Cru 2010,2010,495,4.1,France
Palanca Valpolicella Ripasso Superiore 2017,2017,109,3.9,Italy
Château des Jacques Moulin-à-Vent 2015,2015,275,3.8,France
Crianza 2012,2012,129,3.8,Spain
Mise en Bouche Crozes-Hermitage 2017,2017,225,3.8,France
Queen Bee Viognier 2020,2020,79,3.8,South Africa
Crozes-Hermitage Domaine de Thalabert 2017,2017,399,4.0,France
Ylirum Tempranillo 2018,2018,99,3.7,Spain
Saint-Estephe 2015,2015,299,4.1,France
Adrianna Vineyard White Stones Chardonnay 2016,2016,550,4.5,Argentina
Uvaggio 2015,2015,229.95,3.9,Italy
Zinfandel 2019,2019,68,3.7,Italy
Pinotage - Shiraz 2017,2017,105,3.4,South Africa
Parziale Appassimento Rosso 2016,2016,129,3.5,Italy
Châteauneuf-du-Pape 2017,2017,299.95,4.0,France
Morellino di Scansano 2019,2019,79,3.7,Italy
Lo Petit Fantet d'Hyppolite 2017,2017,99,3.7,France
Sud Primitivo di Manduria 2018,2018,149,3.8,Italy
Barolo Sorì Ginestra 2007,2007,695,4.4,Italy
Pauillac (Grand Cru Classé) 2016,2016,749,4.3,France
Châteauneuf-du-Pape Vieilles Vignes 2014,2014,479,4.3,France
Pinot Noir 2016,2016,699,4.1,United States
Finca Meixeman Ribeira Sacra Mencia 2017,2017,231,3.8,Spain
Lupi e Sirene 2012,2012,460,4.3,Italy
Pinot Grigio delle Venezie 2019,2019,110,4.0,Italy
Torre del Serpente Negroamaro 2016,2016,79,3.9,Italy
Côtes Du Rhône Roulepierre Rouge 2018,2018,60,3.8,France
Vigna Loreto Brunello di Montalcino 2016,2016,640,4.1,Italy
Family Vineyards Chardonnay 2017,2017,225,4.3,South Africa
Sapaio Bolgheri Superiore 2016,2016,399,4.2,Italy
Estate Vineyards Sauvignon Blanc 2020,2020,149,4.3,New Zealand
Florence Winemakers Selection 2018,2018,79,3.9,South Africa
Frog Prince Red 2013,2013,199.95,3.7,United States
Shays Flat Vineyard Shiraz 2013,2013,289,3.7,Australia
F Negroamaro 2018,2018,125,4.3,Italy
O.P.P. Pinot Noir 2018,2018,224,3.8,United States
