Edizione Cinque Autoctoni,9999,149,4.3,57774,Italy
Malbec 2016,2016,69.95,3.6,16818,Argentina
Malbec 2018,2018,59.95,3.8,16779,Argentina
Malbec 2016,2016,129.95,4.1,16138,Argentina
Cabernet Sauvignon 2016,2016,1245,4.6,13945,United States
Malbec 2013,2013,99.95,3.9,13271,Argentina
Red Blend 2017,2017,549,4.3,10999,United States
Cabernet Sauvignon 2018,2018,595,4.5,10786,United States
Ripassa Valpolicella Ripasso Superiore 2016,2016,169,4.1,10633,Italy
Primitivo 2019,2019,79,4.1,9889,Italy
Reserva Tannat 2017,2017,99,4.0,9888,Uruguay
Crianza 2016,2016,81,3.6,9548,Spain
The Chocolate Block 2017,2017,199.95,4.2,8572,South Africa
Malbec 2015,2015,154.95,4.1,8346,Argentina
Pinot Noir 2018,2018,249,4.1,7759,United States
Sauvignon Blanc 2019,2019,180,4.2,6997,New Zealand
The Chocolate Block 2016,2016,169.95,4.2,6657,South Africa
Valpolicella Ripasso (Classico Superiore) 2016,2016,399,3.9,6571,Italy
Sonoma Zinfandel 2015,2015,199,4.1,6431,United States
Malbec 2017,2017,84.95,3.7,6321,Argentina
Cabernet Sauvignon 2016,2016,169,3.7,6299,United States
Gran Enemigo Single Vineyard Gualtallary Cabernet Franc 2015,2015,599.95,4.7,5614,Argentina
Napa Valley Cabernet Sauvignon 2013,2013,999,4.5,5487,United States
Cabernet Franc 2014,2014,149.95,4.2,5460,Argentina
Viña Tondonia Reserva 2007,2007,295,4.1,5441,Spain
Malbec Argentino 2015,2015,650,4.5,5371,Argentina
Pinot Noir 2016,2016,179,4.0,5316,United States
The Chocolate Block 2015,2015,199.95,4.1,5230,South Africa
Barbaresco 2015,2015,269.95,4.1,4861,Italy
Sonoma Coast Pinot Noir 2013,2013,800,3.9,4840,United States
Chardonnay 2017,2017,129.95,4.3,4828,Argentina
Red Blend 2018,2018,249,4.1,4727,United States
Crianza 2015,2015,190,4.0,4712,Spain
Red Blend 2017,2017,249,4.1,4702,United States
Malleolus 2015,2015,579.95,4.3,4665,Spain
Cabernet Sauvignon 2015,2015,179,3.8,4656,Chile
Malbec Argentino 2017,2017,625,4.7,4580,Argentina
Grand Estates Cabernet Sauvignon 2016,2016,179,3.7,4553,United States
Sonoma Coast Pinot Noir 2014,2014,800,3.9,4548,United States
Malbec Argentino 2013,2013,599.95,3.8,4499,Argentina
Rioja Reserva 2009,2009,249.95,4.0,4472,Spain
PSI 2015,2015,349,4.1,4221,Spain
Ancient Vines Zinfandel 2016,2016,189,3.7,4192,United States
Sassoalloro 2015,2015,305,3.9,4151,Italy
Tres Picos Garnacha 2016,2016,375,4.0,4147,Spain
Vintner's Reserve Chardonnay 2018,2018,149,3.9,4138,United States
Pinot Noir 2019,2019,99,4.0,4092,United States
Scaia Rosso (Corvina) 2015,2015,112.50,3.8,4022,Italy
Pinot Grigio Valdadige 2016,2016,135,3.8,3981,Italy
Les Darons Rouge 2017,2017,250,3.8,3941,France
Cabernet Sauvignon 2015,2015,129.95,4.0,3939,Argentina
Saldo Zinfandel 2016,2016,399,4.2,3916,United States
Pillastro Primitivo Puglia 2019,2019,69,4.1,3897,Italy
Shiraz (Skaapveld) 2017,2017,85,3.5,3894,South Africa
Graticcio Appassionato 2018,2018,135,3.8,3706,Italy
The Seven Deadly Zins Old Vine Zinfandel 2017,2017,119,3.8,3672,United States
Cuvée Vieilles Vignes 2019,2019,79,4.2,3643,France
Le Cirque Rouge 2014,2014,69,3.6,3550,France
Barbaresco 2014,2014,269.95,4.0,3544,Italy
Pruno Ribera del Duero 2017,2017,350,3.7,3538,Spain
Malbec 2014,2014,299.95,4.3,3514,Argentina
Rouge (Gaston Hochar) 2004,2004,599.95,4.2,3424,Lebanon
Bastide Miraflors Vieilles Vignes Syrah - Grenache 2016,2016,109.95,3.9,3384,France
PSI 2017,2017,305,4.2,3376,Spain
Cabernet Sauvignon 2017,2017,175,3.8,3347,United States
Malbec 2012,2012,299.95,4.2,3342,Argentina
Altos del Plata Malbec 2018,2018,85,3.5,3300,Argentina
Cabernet Sauvignon 2013,2013,129.95,3.8,3247,Argentina
Côtes Catalanes 2019,2019,67,4.2,3224,France
Villa Antinori Toscana Bianco 2019,2019,89,3.8,3186,Italy
Barbaresco 2016,2016,269.95,4.1,3154,Italy
Alexander Valley Cabernet Sauvignon 2015,2015,700,4.5,3127,United States
Crianza 2017,2017,169.95,4.1,3093,Spain
Gran Enemigo Single Vineyard Gualtallary Cabernet Franc 2016,2016,599.95,4.7,3091,Argentina
Malbec Argentino 2010,2010,599.95,4.0,3090,Argentina
Crianza 2015,2015,169.95,4.1,3089,Spain
Bushvine Pinotage 2017,2017,110,3.7,3087,South Africa
Valpolicella Ripasso (Classico Superiore) 2017,2017,139,4.1,3084,Italy
Estate Malbec 2018,2018,99,3.8,3069,Argentina
Pinot Noir Santa Barbara County 2018,2018,199,4.0,3056,United States
Chardonnay 2019,2019,99,3.9,3050,United States
Chardonnay 2018,2018,175,4.3,3002,United States
Reserve Zinfandel 2018,2018,79,4.1,2995,United States
Zingari Toscana 2017,2017,99,3.9,2986,Italy
Las Alturas Vineyard Pinot Noir 2018,2018,299,4.4,2983,United States
Cabernet Sauvignon 2010,2010,149.95,3.9,2978,Argentina
Cabernet Sauvignon 2015,2015,149,3.9,2964,United States
Chianti Classico 2018,2018,179,3.9,2883,Italy
Lucente 2017,2017,241,4.0,2879,Italy
Malbec Argentino 2012,2012,599.95,3.9,2874,Argentina
Gran Enemigo 2014,2014,499.95,4.5,2850,Argentina
Le Difese 2017,2017,159.95,3.7,2834,Italy
1300 Malbec 2017,2017,110,3.6,2834,Argentina
Ca'Marcanda Promis Toscana 2017,2017,269.95,4.1,2833,Italy
Red 2013,2013,269,4.2,2823,Spain
Barbaresco 2013,2013,269.95,3.9,2762,Italy
Cabernet Sauvignon 2014,2014,799,4.4,2748,United States
Malbec 2015,2015,299.95,4.2,2747,Argentina
Amicone 2017,2017,65,4.0,2740,Italy
Badia a Passignano Gran Selezione Chianti Classico 2015,2015,369,4.3,2731,Italy
Indian Wells Cabernet Sauvignon 2017,2017,239,4.0,2727,United States
Rioja Gran Reserva 2009,2009,225,3.9,2710,Spain
Kadette Cape Blend 2015,2015,149,3.8,2706,South Africa
Dairyman Vineyard Pinot Noir 2017,2017,319,4.4,2659,United States
Malbec Argentino 2011,2011,595,4.1,2656,Argentina
Curioso Grand Edizione 2016,2016,149,4.0,2655,Italy
Malbec 2013,2013,299.95,4.2,2651,Argentina
Viña Tondonia Reserva 2008,2008,325,4.3,2630,Spain
Carmenère 2015,2015,179,4.0,2619,Chile
Old Vine Malbec 2015,2015,159.95,4.2,2606,Argentina
337 Cabernet Sauvignon 2017,2017,139,3.8,2596,United States
Malleolus 2017,2017,245,4.3,2594,Spain
Silencio 2018,2018,149,4.0,2593,Spain
Pizzella Malbec (Pizzella Family Vineyard) 2017,2017,99.95,4.0,2585,Argentina
Nebbiolo Langhe 2018,2018,149.95,3.8,2570,Italy
Belleruche Côtes-du-Rhône 2018,2018,269,3.7,2563,France
Viña Bosconia Reserva 2007,2007,275,4.2,2517,Spain
Reserva Rioja (Finca Ygay) 2016,2016,159,4.1,2506,Spain
HANDS OF TIME Red 2014,2014,279,4.1,2498,United States
Cabernet Sauvignon 2017,2017,349,4.1,2497,United States
Riserva Cannonau di Sardegna 2017,2017,149,3.8,2456,Italy
Flor de Pingus 2010,2010,1395,4.5,2453,Spain
Vigneto Monte Sant'Urbano Amarone della Valpolicella Classico 2013,2013,1000,4.4,2437,Italy
Cabernet Sauvignon 2018,2018,59.95,3.8,2423,Argentina
Flor de Pingus 2012,2012,995,4.4,2421,Spain
Pauillac (Grand Cru Classé) 2009,2009,1995,4.7,2412,France
Freakshow Red 2015,2015,199,3.9,2403,United States
Guidalberto 2018,2018,279,4.2,2398,Italy
Antiguas Reservas Cabernet Sauvignon 2017,2017,115,3.8,2388,Chile
Costamolino Vermentino di Sardegna 2017,2017,119.95,3.8,2377,Italy
Brunello di Montalcino 2013,2013,349.95,4.2,2360,Italy
Barolo 2014,2014,185,3.9,2355,Italy
Catarratto - Zibibbo 2019,2019,59,3.9,2355,Italy
Malbec 2016,2016,299.95,4.3,2354,Argentina
Time Waits For No One (Red label) 2017,2017,85,3.8,2347,Spain
Gran Enemigo Single Vineyard Agrelo Cabernet Franc 2014,2014,599.95,4.6,2334,Argentina
Veraton Garnacha 2016,2016,398,4.3,2328,Spain
Chianti Classico 2015,2015,139.95,3.9,2324,Italy
Sauvignon Blanc 2020,2020,249,4.2,2313,New Zealand
Coste di Moro Montepulciano d'Abruzzo 2016,2016,149,3.8,2303,Italy
Pauillac (Grand Cru Classé) 2008,2008,1500,4.3,2298,France
Petite Sirah 2018,2018,125,4.0,2291,United States
Fantini Montepulciano d'Abruzzo 2018,2018,87.50,3.6,2288,Italy
No Name 2015,2015,349,4.1,2286,Italy
Toscana Governo Rosso 2018,2018,99,4.1,2284,Italy
Tinto 2018,2018,139,4.2,2268,Spain
Taurasi 2012,2012,169.95,3.9,2263,Italy
Finca Resalso 2019,2019,99,3.8,2260,Spain
Cabernet Sauvignon 2016,2016,129.95,3.9,2256,Argentina
Le Difese 2018,2018,199.95,3.8,2255,Italy
Alicante Bouschet 2019,2019,59,4.1,2249,Portugal
Flor de Pingus 2015,2015,895,4.5,2236,Spain
Ancient Vines Zinfandel 2018,2018,199,3.8,2233,United States
Chardonnay 2016,2016,129.95,3.9,2229,Argentina
Crianza Rioja 2014,2014,119,3.7,2213,Spain
Rioja Reserva 2012,2012,249.95,4.2,2205,Spain
La Flor Malbec 2019,2019,129,3.9,2202,Argentina
Geyserville 2016,2016,335,4.3,2199,United States
Pauillac (Grand Cru Classé) 2011,2011,1100,4.3,2187,France
Malbec 2018,2018,115,3.7,2186,Argentina
Cabernet Sauvignon 2014,2014,129.95,3.8,2182,Argentina
Gentil 2018,2018,125,3.8,2156,France
La Groletta Valpolicella Ripasso 2018,2018,89,3.9,2149,Italy
Gran Reserva 2013,2013,184,4.1,2140,Spain
Freakshow Cabernet Sauvignon 2015,2015,199,4.0,2136,United States
Chardonnay 2016,2016,179,3.8,2121,Chile
Chardonnay 2018,2018,59.95,3.6,2119,Argentina
Viña Bosconia Reserva 2008,2008,220,4.1,2106,Spain
Albe Barolo 2016,2016,599,4.0,2103,Italy
Tinto 2016,2016,89.95,3.7,2088,Portugal
Freakshow Zinfandel 2017,2017,199,3.8,2084,United States
Pauillac (Grand Cru Classé) 2010,2010,1895,4.6,2084,France
Reserva 2016,2016,215,3.8,2077,Spain
Pouilly-Fuissé 2018,2018,309,4.2,2071,France
Tinto 2018,2018,249,4.5,2032,Spain
Rosso di Montalcino 2018,2018,149,3.6,2020,Italy
Cabernet Sauvignon 2016,2016,165,3.7,1987,United States
Bolgheri Il Seggio 2017,2017,269,4.1,1978,Italy
Amaranta Montepulciano d'Abruzzo 2017,2017,159.95,4.2,1976,Italy
Malbec 2013,2013,149.95,4.1,1968,Argentina
The Pundit 2016,2016,285,3.9,1964,United States
Chardonnay 2017,2017,129.95,3.9,1960,Argentina
Jumilla Blue Label 2017,2017,199,4.2,1953,Spain
Pinot Noir Bourgogne 'Les Ursulines' 2018,2018,169,3.6,1934,France
Châteauneuf-du-Pape 2012,2012,695,4.4,1929,France
Lobo e Falcão Wolf & Falcon Tinto 2019,2019,79,4.1,1929,Portugal
Earthquake Cabernet Sauvignon 2014,2014,279,4.1,1924,United States
Sauvignon Winkl 2019,2019,159.95,4.2,1910,Italy
PSI 2018,2018,325,4.2,1908,Spain
Post Scriptum (de Chryseia) Douro 2017,2017,199,4.0,1907,Portugal
De Sangre 2013,2013,154.95,4.2,1906,Argentina
Reserva 2015,2015,110,3.8,1883,Spain
Barrua 2011,2011,250,4.2,1869,Italy
Duas Quintas Tinto 2017,2017,79,4.0,1857,Portugal
Campo di Sasso Insoglio del Cinghiale 2018,2018,219.95,4.0,1851,Italy
Chardonnay 2018,2018,169,3.8,1836,United States
Chianti Classico 2016,2016,175,4.0,1831,Italy
Viña Bosconia Reserva 2005,2005,275,4.1,1828,Spain
Pizzella Malbec (Pizzella Family Vineyard) 2018,2018,99.95,4.1,1825,Argentina
Merlot 2017,2017,175,3.9,1820,United States
Brunello di Montalcino 2013,2013,399,4.2,1816,Italy
Orion Primitivo 2018,2018,75,4.1,1813,Italy
Pauillac (Grand Cru Classé) 2009,2009,1495,4.5,1803,France
Les Darons Rouge 2016,2016,220,3.8,1798,France
Viña Bosconia Reserva 2006,2006,275,4.0,1793,Spain
Reserva Albariño 2019,2019,115,3.9,1792,Uruguay
Gran Enemigo 2015,2015,499.95,4.5,1778,Argentina
Boom Boom! Syrah 2017,2017,140,3.5,1773,United States
Chablis 2017,2017,150,3.8,1772,France
Bourgogne 'Les Sétilles' 2018,2018,209,4.1,1764,France
60 Sessantanni Old Vines Primitivo di Manduria 2017,2017,249,4.5,1764,Italy
Belleruche Côtes-du-Rhône 2019,2019,75,3.7,1759,France
Gran Enemigo Single Vineyard Agrelo Cabernet Franc 2013,2013,599.95,4.5,1755,Argentina
Caravan Durif (a.k.a Petite Sirah) 2016,2016,109.75,3.7,1749,Australia
Viña Cubillo 2009,2009,149,3.8,1744,Spain
Ventoux Terrasses 2014,2014,79.95,3.7,1742,France
Zinfandel 2016,2016,149,4.1,1738,United States
Terroir Selection Malbec 2015,2015,235,4.0,1722,Argentina
Reserva Merlot (Classic) 2018,2018,99,3.9,1720,Chile
Pieve Santa Restituta Brunello di Montalcino 2014,2014,495,4.3,1715,Italy
Etna Rosso 2018,2018,169.95,3.9,1714,Italy
Costamolino Vermentino di Sardegna 2019,2019,79,3.9,1711,Italy
Malbec 2009,2009,149.95,3.9,1708,Argentina
Pessac-Léognan Blanc (Grand Cru Classé de Graves) 2015,2015,315,4.1,1708,France
Angels' Share Shiraz 2019,2019,179.95,4.0,1698,Australia
Double Pass Shiraz 2018,2018,79,4.0,1698,Australia
Prazo de Roriz Douro 2016,2016,149,3.9,1688,Portugal
667 Pinot Noir 2018,2018,139,3.7,1684,United States
Tres Picos Garnacha 2018,2018,175,4.0,1684,Spain
Reserve Malbec (Barrel Selection) 2019,2019,99,4.1,1676,Argentina
Pinot Noir Santa Barbara County 2016,2016,395,3.9,1674,United States
Shiraz - Grenache 2019,2019,68,4.0,1662,France
Montessu 2016,2016,149.95,4.0,1658,Italy
Montebruna Barbera d'Asti 2016,2016,159.95,3.8,1652,Italy
Lugana San Benedetto 2019,2019,145,4.1,1645,Italy
Ribera del Duero Tinto 2016,2016,140,4.0,1640,Spain
Montessu 2017,2017,149.95,4.1,1633,Italy
Barolo 2015,2015,185,3.8,1625,Italy
Hermon Mount Hermon Red 2018,2018,119,3.8,1625,Israel
Passivento Rosso 2019,2019,93.17,3.9,1618,Italy
La Segreta Il Rosso 2017,2017,125,3.6,1605,Italy
Pinot Noir 2018,2018,129,3.6,1603,United States
Vintner's Reserve Cabernet Sauvignon 2017,2017,199,3.8,1599,United States
Côtes du Rhône 2015,2015,89.95,3.6,1595,France
M Malbec 2019,2019,75,3.8,1582,Argentina
Fuerza 2015,2015,99.95,3.8,1580,Spain
Coudoulet de Beaucastel Côtes-du-Rhône 2017,2017,310,4.0,1579,France
Brunello di Montalcino 2015,2015,399,4.4,1579,Italy
White Blend 2016,2016,199,3.7,1568,United States
Rouge 2018,2018,91.67,3.7,1568,France
Marius Grenache - Syrah 2019,2019,95,3.7,1568,France
Cuttings Cabernet Sauvignon 2015,2015,699,4.3,1558,United States
La Segreta Il Bianco 2016,2016,125,3.6,1557,Italy
Musar Jeune Rouge 2018,2018,129.95,3.9,1556,Lebanon
Malbec 2015,2015,69.95,3.5,1555,Argentina
Almiréz 2015,2015,245,3.9,1554,Spain
Pinot Noir 2018,2018,239,3.7,1552,United States
Dry Riesling 2018,2018,109,3.7,1545,United States
Côtes-du-Rhône Rouge 2017,2017,120,3.7,1544,France
Kingpin N.V.,9999,69,4.0,1539,Spain
Ventoux Terrasses 2015,2015,79.95,3.7,1538,France
Veraton Garnacha 2017,2017,199,4.3,1524,Spain
Single Vineyard Tannat 2016,2016,239.95,4.2,1515,Uruguay
Ribera Del Duero 12 Meses en Barrica (Crianza) 2016,2016,549.95,3.9,1512,Spain
Mea Culpa Rosso N.V.,9999,129,4.2,1512,Italy
Saint-Estèphe (Grand Cru Classé) 2012,2012,895,4.2,1511,France
Quatro Castas 4 2017,2017,119,3.9,1510,Portugal
Limited Selection Cabernet Sauvignon - Carmenère 2017,2017,125,3.8,1505,Chile
M Malbec 2018,2018,75,3.7,1505,Argentina
Valbuena 5º 2015,2015,995,4.7,1503,Spain
Petite Petit 2016,2016,189,3.9,1499,United States
Mandolás Furmint 2017,2017,215,3.9,1494,Hungary
Pinot Noir Bourgogne 'Les Ursulines' 2017,2017,225,3.6,1492,France
One Point Five Cabernet Sauvignon 2016,2016,629,4.5,1484,United States
Red 2018,2018,279.95,4.4,1476,Spain
Flor de Pingus 2009,2009,1250,4.6,1475,Spain
AN/2 2018,2018,159,4.0,1471,Spain
Cabernet Sauvignon 2019,2019,99,3.9,1469,United States
Pinot Noir 2018,2018,269,4.0,1465,United States
Côtes-du-Rhône Rouge 2009,2009,109.95,3.5,1464,France
Touriga Nacional 2018,2018,79,3.8,1452,Portugal
Bricco dell'Uccellone Barbera d'Asti 2016,2016,499.95,4.3,1450,Italy
Pinot Noir 2017,2017,95,3.6,1449,New Zealand
Toscana 2016,2016,229,3.9,1448,Italy
Rioja Reserva 2012,2012,159,4.2,1444,Spain
Falanghina 2018,2018,129,3.8,1439,Italy
Lugana Vigneto Massoni 2018,2018,165,4.1,1435,Italy
Tinto 2016,2016,259.95,4.3,1435,Spain
Barda Pinot Noir 2015,2015,149.95,3.9,1434,Argentina
Sito Moresco Langhe 2017,2017,349,4.1,1429,Italy
Russian River Valley Pinot Noir 2018,2018,199,4.0,1428,United States
Taurasi 2013,2013,169.95,3.9,1424,Italy
Gran Enemigo Single Vineyard Chacayes Cabernet Franc 2014,2014,599.95,4.6,1417,Argentina
Montebruna Barbera d'Asti 2017,2017,169.95,3.9,1417,Italy
Cuvée Terlaner (Classico) 2016,2016,149.95,3.9,1414,Italy
Monastrell 2018,2018,119,3.7,1404,Spain
Termes 2013,2013,199,3.9,1403,Spain
Vigneto Monte Sant'Urbano Amarone della Valpolicella Classico 2011,2011,429,4.3,1402,Italy
Pinot Noir 2017,2017,229,4.0,1399,United States
Montepulciano d'Abruzzo (Unico) 2018,2018,119,4.0,1391,Italy
Barbaresco 2017,2017,269.95,4.2,1385,Italy
Gran Enemigo Single Vineyard Chacayes Cabernet Franc 2015,2015,450,4.6,1382,Argentina
Arneis Langhe Blangé 2015,2015,159.95,3.8,1381,Italy
Chardonnay 2018,2018,159,3.8,1378,United States
Grand Estates Merlot 2015,2015,179,3.7,1360,United States
Malbec 2017,2017,179.95,3.7,1359,Argentina
Tenuta Tignanello 'Marchese Antinori' Chianti Classico Riserva 2017,2017,255,4.3,1357,Italy
Chardonnay 2016,2016,249.95,4.2,1351,Argentina
de La Tierra 2018,2018,119,3.7,1349,Spain
La Grola 2016,2016,249,4.0,1349,Italy
Single Vineyard Tannat 2017,2017,199.95,4.2,1346,Uruguay
Valpolicella Ripasso Classico Superiore 2018,2018,99,3.7,1344,Italy
Médoc 2016,2016,169.95,3.8,1344,France
Red Blend 2018,2018,69.95,3.8,1342,Argentina
Boira' Sangiovese 2018,2018,109,3.5,1336,Italy
Special Selection Cabernet Sauvignon 2016,2016,1495,4.7,1335,United States
Massal 1945 Carmenère 2016,2016,149.95,4.1,1328,Chile
Tinto N.V.,9999,39.95,3.3,1326,Spain
Amarone della Valpolicella Classico 2009,2009,879,4.4,1326,Italy
Zinfandel 2015,2015,159,3.8,1320,United States
Chardonnay 2015,2015,249.95,4.2,1311,Argentina
Cabernet Sauvignon (Cs) 2016,2016,229,3.8,1309,United States
Chardonnay 2013,2013,299.95,4.1,1307,Argentina
TD9 2016,2016,435,4.3,1303,United States
Côtes-du-Rhône Cuvée Philipson 2010,2010,79.95,3.5,1303,France
Vintner's Reserve Pinot Noir 2017,2017,199,3.7,1301,United States
Syrah 2017,2017,79.95,4.0,1299,France
Sangiovese Toscana 2019,2019,99,3.9,1290,Italy
Appellation Malbec 2016,2016,139,4.0,1284,Argentina
Te Koko Sauvignon Blanc 2014,2014,419,4.1,1284,New Zealand
Bourgogne Hautes-Côtes de Beaune 2016,2016,220,3.8,1282,France
Amarone della Valpolicella Classico 2016,2016,389,4.3,1278,Italy
Palazzo della Torre 2017,2017,139.95,4.1,1278,Italy
Beaujolais-Villages Combe aux Jacques 2019,2019,109,3.8,1273,France
Dagromis Barolo 2015,2015,599.95,4.4,1268,Italy
Zarihs Syrah 2016,2016,189.50,4.1,1264,Spain
Grand Veneur Côtes du Rhône (Réserve) 2019,2019,119.95,3.7,1264,France
Taurasi 2014,2014,249,3.9,1257,Italy
Vigne Vecchie Gold Series Leggenda Primitivo di Manduria 2016,2016,169,4.3,1257,Italy
KARIA Chardonnay 2017,2017,349,4.1,1253,United States
Appassite Negroamaro - Primitivo 2019,2019,89.17,4.1,1252,Italy
Bordeaux 2016,2016,99.95,3.6,1251,France
Barrua 2015,2015,250,4.1,1247,Italy
Brunello di Montalcino 2013,2013,345,4.2,1244,Italy
Gigondas 2015,2015,250,3.9,1243,France
Sonoma Coast Pinot Noir 2016,2016,389,4.2,1238,United States
7 Fuentes 2017,2017,150,3.3,1238,Spain
Beaune du Château Premier Cru 2016,2016,900,4.1,1238,France
Pinot Noir 2018,2018,179,3.7,1237,Chile
Châteauneuf-du-Pape La Bernardine 2016,2016,349,4.2,1236,France
125 Uno Due Cinque Primitivo del Salento 2017,2017,65,4.0,1236,Italy
Rioja Reserva 2014,2014,179,4.0,1231,Spain
Touriga Nacional 2015,2015,199.95,4.0,1231,Portugal
Cabernet Sauvignon 2018,2018,549,4.1,1229,United States
Appassimento Rosso 2019,2019,89.17,4.3,1228,Italy
Tinto 2017,2017,375,4.4,1226,Spain
Birbet N.V.,9999,139.95,4.1,1226,Italy
Amarone della Valpolicella Classico 2016,2016,349,4.4,1226,Italy
Mt. Jefferson Cuvée Pinot Noir 2018,2018,299,4.2,1225,United States
Albariño 2016,2016,299,3.8,1222,Spain
Gessamí 2018,2018,159.95,4.1,1220,Spain
Pessac-Léognan (Grand Cru Classé de Graves) 2009,2009,1495,4.5,1208,France
Garnacha 2017,2017,295,4.5,1206,Spain
Sauvignon Blanc 2018,2018,109.95,4.1,1200,New Zealand
Cabernet Sauvignon - Shiraz 2018,2018,89,3.7,1198,South Africa
TD9 2015,2015,435,4.3,1190,United States
Barbera d'Asti Le Orme 2017,2017,139,3.6,1189,Italy
El Vivero de Usaldón Garnacha Colección Origen 2018,2018,49.50,3.7,1181,Spain
Alter Ego de Château Palmer 2009,2009,1099,4.3,1174,France
Cabernet Sauvignon 2017,2017,199,3.8,1173,United States
Papale Linea Oro Primitivo di Manduria 2017,2017,149,4.4,1173,Italy
HEBO (Suvereto) 2017,2017,109,3.8,1170,Italy
Private Selection Old Vines Malbec 2014,2014,109.95,3.8,1167,Argentina
Sauvignon Blanc 2019,2019,109.95,4.1,1164,New Zealand
Chardonnay Santa Barbara County 2018,2018,175,4.0,1163,United States
Ribera Del Duero Crianza 2015,2015,183,3.9,1150,Spain
Blu Onice Aglianico Irpinia 2017,2017,99.95,4.2,1148,Italy
Big Easy Red 2016,2016,149.95,3.8,1145,South Africa
Touriga Nacional 2012,2012,169.95,3.9,1142,Portugal
Toscana Le Cupole Rosso 2015,2015,240,4.1,1138,Italy
Saint-Émilion Grand Cru (Grand Cru Classé) 2009,2009,695,4.2,1137,France
Rioja Crianza 2013,2013,170,3.8,1137,Spain
Haut-Médoc 2016,2016,79.95,3.8,1137,France
Cos d'Estournel 1986,1986,1875,4.4,1136,France
Cuvée Alexandre Cabernet Sauvignon (Apalta Vineyard) 2014,2014,159.95,4.0,1134,Chile
Châteauneuf-du-Pape 2016,2016,315,4.1,1132,France
Vigneto Monte Sant'Urbano Amarone della Valpolicella Classico 2015,2015,350,4.3,1131,Italy
Côte-Rôtie Brune & Blonde de Guigal 2013,2013,369.95,4.1,1131,France
Chryseia Douro 2016,2016,579,4.5,1128,Portugal
Chardonnay 2017,2017,249.95,4.2,1126,Argentina
Brunello di Montalcino 2014,2014,299.95,4.1,1124,Italy
Geyserville 2017,2017,395,4.2,1120,United States
Moulis-en-Médoc 2011,2011,314,4.0,1120,France
Durif - Shiraz 2019,2019,69,4.0,1120,Australia
Macán Clásico 2016,2016,295,4.3,1119,Spain
Grüner Veltliner Federspiel Terrassen 2019,2019,145,3.8,1119,Austria
Tinto 2011,2011,89.95,3.7,1118,Portugal
Bourgogne Couvent des Jacobins 2017,2017,379,3.8,1115,France
Pauillac (Grand Cru Classé) 2014,2014,1074.95,4.3,1114,France
Gran Maestro Appassimento Rosso 2018,2018,65,3.9,1114,Italy
Pouilly-Fuissé Tête de Cuvée 2018,2018,529.95,4.3,1113,France
Syrah 2019,2019,59,3.8,1113,Spain
Châteauneuf-du-Pape 2015,2015,279,4.0,1110,France
Pauillac (Grand Cru Classé) 2012,2012,1299,4.3,1109,France
Malbec (I) 2018,2018,219,4.2,1107,Argentina
Ca'Marcanda Magari 2017,2017,749,4.2,1104,Italy
Garnacha 2016,2016,295,4.3,1101,Spain
Valpolicella Superiore 2016,2016,159,3.8,1094,Italy
Gran Enemigo 2011,2011,499.95,4.4,1091,Argentina
Red Zinfandel 2018,2018,115,3.9,1089,Italy
Chardonnay 2018,2018,249.95,4.1,1084,Argentina
Reserva Duas Quintas Tinto 2014,2014,319,4.2,1084,Portugal
Ripassa Valpolicella Ripasso Superiore 2017,2017,229,4.2,1081,Italy
Cabernet Franc 2013,2013,129.95,4.1,1078,Argentina
The Dead Arm Shiraz 2016,2016,425,4.0,1073,Australia
Tenuta San Giovanni Valdisanti 2012,2012,200,4.1,1071,Italy
Evenstad Reserve Pinot Noir 2015,2015,579,4.5,1070,United States
Reserva (Field Blend) 2016,2016,249.95,4.2,1069,Portugal
Ribera Del Duero Reserva 2010,2010,239,4.2,1068,Spain
Reserva (Field Blend) 2014,2014,249.95,4.1,1066,Portugal
The Lodge Hill Shiraz 2016,2016,119.95,3.7,1066,Australia
Gigondas 2016,2016,205,3.9,1063,France
Toscana Rosso 2018,2018,89,3.9,1063,Italy
Le G de Guiraud Bordeaux Blanc Sec 2017,2017,169.95,3.9,1062,France
Toscana Le Cupole Rosso 2017,2017,225,4.1,1062,Italy
Morgon 2019,2019,250,4.2,1060,France
Tradition Blaye - Côtes de Bordeaux 2016,2016,165,3.9,1058,France
Chateau Smith Cabernet Sauvignon 2016,2016,180,3.7,1057,United States
Appassimento Rosso 2019,2019,89.95,4.0,1056,Italy
Sauvignon Blanc 2017,2017,89,3.7,1053,United States
Arneis Langhe Blangé 2019,2019,159.95,4.0,1050,Italy
Alta Mora Etna Rosso 2015,2015,279.95,3.7,1047,Italy
Alexander (The Great) 2016,2016,245,4.2,1045,Spain
Pessac-Léognan (Grand Cru Classé de Graves) 2015,2015,895,4.5,1044,France
Noble Dragon 张裕解百纳 2013,2013,89,2.8,1040,China
Il Rabdomante Montepulciano d'Abruzzo 2017,2017,99,4.1,1039,Italy
Albariño 2018,2018,165,3.8,1034,Spain
Barbera d'Alba 2018,2018,249,4.0,1032,Italy
Barolo 2015,2015,429.95,4.2,1030,Italy
Viñas de Gain 2017,2017,229,4.0,1030,Spain
Gaba do Xil Godello 2018,2018,134.95,3.8,1027,Spain
Pessac-Léognan (Grand Cru Classé de Graves) 2012,2012,450,4.1,1027,France
The Cover Drive Cabernet Sauvignon 2016,2016,79.95,3.7,1025,Australia
Ardèche Chardonnay 2018,2018,96,3.6,1024,France
Terre di San Leonardo 2015,2015,149,3.7,1022,Italy
Pauillac (Grand Cru Classé) 2011,2011,1849.95,4.3,1021,France
Barolo 2013,2013,160,3.8,1020,Italy
Cabernet Sauvignon 2014,2014,299.95,4.2,1018,Argentina
Pinot Nero 2017,2017,434,3.9,1016,Italy
Haut-Médoc 2014,2014,290,4.0,1015,France
Voyage 7 N.V.,9999,319,4.4,1015,Argentina
Gran Enemigo Single Vineyard El Cepillo Cabernet Franc 2014,2014,450,4.5,1012,Argentina
Les Crestes Priorat 2015,2015,184.95,3.8,1011,Spain
Valpolicella Ripasso Classico Superiore Lena di Mezzo 2017,2017,169,4.0,1008,Italy
Saint-Julien (Grand Cru Classé) 2004,2004,675,4.2,1004,France
Condrieu 2016,2016,400,4.0,1002,France
Blau 2018,2018,119,3.8,1002,Spain
Cometa 2018,2018,299,4.2,998,Italy
Masseria Surani Dionysos Primitivo di Manduria Riserva 2015,2015,239,4.0,998,Italy
Ronan by Clinet Bordeaux 2012,2012,129,3.3,993,France
FAY Cabernet Sauvignon 2013,2013,1269,4.4,991,United States
Barolo Castiglione 2016,2016,599,4.2,991,Italy
Medalla Real Gold Medal (Limited Edition) Cabernet Sauvignon 2017,2017,79,3.9,990,Chile
Toscana Le Cupole Rosso 2016,2016,220,4.1,989,Italy
Barolo 2015,2015,179.95,3.6,988,Italy
Thea's Selection Pinot Noir 2016,2016,299,4.1,985,United States
Numanthia 2015,2015,349,4.3,984,Spain
Riesling 2019,2019,119,3.8,984,United States
Pé Branco 2019,2019,69,3.6,983,Portugal
Barco Reale di Carmignano 2016,2016,139,3.7,982,Italy
Cùmaro Conero Riserva 2013,2013,204.95,3.8,981,Italy
Pinot Noir Bourgogne Vieilles Vignes 2016,2016,89.95,3.7,981,France
Pinot Noir 2013,2013,545,4.2,980,United States
Alta Mora Etna Rosso 2014,2014,279.95,3.8,979,Italy
Sauvignon Blanc Te Muna Road Vineyard 2019,2019,99.95,4.1,978,New Zealand
Solosole Vermentino 2017,2017,199,3.9,975,Italy
Cabernet Sauvignon (Mossfire Ranch) 2017,2017,249,3.8,974,United States
Reserva Cabernet Franc 2017,2017,109.95,4.0,972,Uruguay
Tinto 2019,2019,65,3.9,971,Portugal
Terre Brune Superiore Carignano del Sulcis 2015,2015,399,4.2,969,Italy
Roda Reserva Rioja 2016,2016,249.95,4.1,969,Spain
Cuvée Réservée Châteauneuf-du-Pape Rouge 2012,2012,698,4.2,969,France
Touriga Nacional 2014,2014,199.95,4.0,965,Portugal
Roero Arneis 2017,2017,219.95,3.9,964,Italy
Merlot 2016,2016,199,3.9,963,United States
Liano Sangiovese - Cabernet Sauvignon 2016,2016,239,4.1,962,Italy
Dominio de Atauta 2016,2016,350,4.2,957,Spain
Foradori - Teroldego 2014,2014,200,3.7,957,Italy
Ca' di Pian Barbera d'Asti 2017,2017,169,4.0,953,Italy
AVETA Sauvignon Blanc 2017,2017,229,4.1,952,United States
Napanook 2015,2015,695,4.2,949,United States
Reserva Cabernet Sauvignon 2013,2013,79.95,3.7,949,Chile
The Velvet Devil Merlot 2018,2018,105,3.6,947,United States
Tessellae Vieilles Vignes Carignan 2017,2017,99.95,3.8,946,France
Primitivo Puglia Edizione Limitata Terra Vera 2018,2018,99.95,3.8,945,Italy
Botrosecco Maremma Toscana 2017,2017,179,4.0,945,Italy
Castro Ventosa El Castro de Valtuille Mencía Joven 2018,2018,109,3.7,944,Spain
Benuara (Tenuta Presti e Pegni) 2017,2017,99.95,4.0,943,Italy
Petite Sirah - Petit Verdot 2016,2016,169,3.9,943,United States
Valpolicella Ripasso Classico Superiore 2017,2017,180,3.8,942,Italy
Gran Enemigo Single Vineyard Agrelo Cabernet Franc 2010,2010,599.95,4.5,942,Argentina
Reserva 2016,2016,185,4.1,938,Spain
Vinha do Fava 2019,2019,49.95,4.1,931,Portugal
Signos Malbec 2019,2019,85,4.0,931,Argentina
FAY Cabernet Sauvignon 2014,2014,999,4.4,930,United States
Corralillo Syrah 2015,2015,170,4.0,929,Chile
Chardonnay 2017,2017,179,3.8,927,Chile
Unoaked Chardonnay 2017,2017,84.95,3.7,926,Argentina
Lalande-de-Pomerol 2016,2016,220,4.0,924,France
Noà (Tenuta Presti e Pregni) 2015,2015,249.95,3.9,924,Italy
Chardonnay 2017,2017,90,3.6,924,New Zealand
Cabernet Franc 2010,2010,149.95,4.1,923,Argentina
Gessamí 2019,2019,129.95,4.2,921,Spain
Sassoalloro 2016,2016,199,3.9,920,Italy
Roda I Reserva Rioja 2015,2015,449.95,4.4,917,Spain
Amarone della Valpolicella Classico 2015,2015,319,4.1,916,Italy
Saint-Julien (Grand Cru Classé) 1995,1995,1250,4.3,916,France
Chablis 'La Pierrelée' 2017,2017,119.95,3.8,914,France
Silver Unoaked Chardonnay 2015,2015,199,3.8,913,United States
Nero d'Avola 2019,2019,79.95,3.5,913,Italy
Organic Monastrell 2018,2018,69,3.7,912,Spain
Cabernet Sauvignon Franschhoek 2014,2014,350,4.3,912,South Africa
Ca'Marcanda Promis Toscana 2018,2018,225,4.2,909,Italy
Gigondas 2016,2016,595,4.1,908,France
San Leonardo 2013,2013,499,4.2,908,Italy
Toscana Le Cupole Rosso 2014,2014,220,3.9,907,Italy
Paula Malbec 2019,2019,99,3.6,907,Argentina
Cuvée Alexandre Cabernet Sauvignon (Apalta Vineyard) 2015,2015,159.95,3.9,904,Chile
Dominus (Christian Moueix) 2006,2006,1795,4.4,901,United States
Paul Sauer 2016,2016,429,4.4,900,South Africa
Freestone Vineyards Pinot Noir 2013,2013,299.95,4.2,899,United States
Quarz Sauvignon 2015,2015,325,4.4,897,Italy
Cuvée Alexandre Merlot (Apalta Vineyard) 2011,2011,149.95,3.8,896,Chile
Crozes-Hermitage Domaine de Thalabert 2015,2015,399,4.0,896,France
Pauillac (Grand Cru Classé) 2010,2010,1750,4.5,896,France
Flor de Vetus 2017,2017,120,3.7,895,Spain
Montsant Acústic 2017,2017,160,4.0,895,Spain
Ribera del Duero Crianza 2015,2015,339,3.8,895,Spain
Lune d'Argent 2016,2016,159.95,3.7,894,France
Appellation La Consulta Malbec 2014,2014,129.95,3.9,893,Argentina
Chenin Blanc (Free-Run Steen) 2018,2018,85,3.6,891,South Africa
Earthquake Zinfandel 2017,2017,279,4.1,888,United States
Sela Rioja 2016,2016,159.95,3.9,888,Spain
Bonarda 2018,2018,69.95,3.9,887,Argentina
Verdejo Rueda 2019,2019,119,4.0,886,Spain
AVETA Sauvignon Blanc 2016,2016,239,4.1,883,United States
Mother's Milk Shiraz 2016,2016,119.95,3.8,881,Australia
Crianza 2017,2017,129,3.6,880,Spain
Chianti Classico 2017,2017,175,4.1,879,Italy
Nicolas Grenache Noir 2017,2017,99.95,3.9,879,France
Touriga Nacional 2017,2017,239.95,4.1,879,Portugal
Pino Doncel 12 Meses 2016,2016,299,4.1,879,Spain
Blanco Fermentado en Barrica 2018,2018,120,3.7,876,Spain
Anima de Raimat Tinto 2015,2015,119,3.8,873,Spain
Wild Sauvignon 2014,2014,199.95,4.2,872,New Zealand
Blindfold White Blend 2017,2017,339,4.0,871,United States
Pessac-Léognan 2013,2013,295,3.8,870,France
San Vincenzo 2019,2019,159,4.0,869,Italy
Pinot Noir 2018,2018,269,3.9,869,New Zealand
Cabernet Sauvignon Franschhoek 2015,2015,350,4.3,869,South Africa
Quintaluna 2016,2016,129.95,3.6,868,Spain
Syrah Les Vignes d'à Côté 2018,2018,139,3.8,868,France
Terre di San Leonardo 2016,2016,149,3.8,867,Italy
Arneis Roero 2019,2019,189,3.9,866,Italy
Bella's Garden Shiraz 2016,2016,350,4.2,861,Australia
Lindes de Remelluri Viñedos de Labastida 2015,2015,199.95,3.9,860,Spain
Joseph Gewürztraminer 2018,2018,169,4.1,859,Italy
Cellar Selection Pinot Noir 2014,2014,179,3.7,859,New Zealand
Les Amandiers N.V.,9999,159,4.0,856,France
Mai The First A.Montes Malbec 2014,2014,499,4.4,853,Argentina
Ritme Vinyes Velles Boniques 2017,2017,500,4.0,853,Spain
Stags Leap District Cabernet Sauvignon 2013,2013,1169,4.3,852,United States
Finca Azaya 2017,2017,139,4.1,849,Spain
Ribera Del Duero Crianza 2016,2016,195,3.9,848,Spain
Cabernet Sauvignon 2015,2015,449,4.2,847,United States
Ultra Cabernet Sauvignon 2015,2015,179,3.8,846,Argentina
1 Uno Primitivo di Manduria 2019,2019,99,4.1,845,Italy
Gocce Primitivo di Manduria 2016,2016,129,4.2,842,Italy
Ribera del Duero Red 2015,2015,175,4.1,841,Spain
Rosso di Montalcino 2016,2016,199,4.0,836,Italy
Cosecha 2017,2017,349,4.4,836,Spain
Nero d'Avola 2016,2016,119,3.8,833,Italy
Taberner Tierra de Cádiz 2015,2015,199,4.2,831,Spain
Le Rouge 2015,2015,129.95,3.8,831,Chile
Monastrell 2017,2017,114.95,3.8,829,Spain
Pinot Grigio 2019,2019,75,3.9,829,Argentina
Barrua 2016,2016,250,4.2,827,Italy
Côtes du Rhône Nature Rouge 2018,2018,121.67,3.6,827,France
Meursault 2015,2015,499,4.3,826,France
Grey (Glacier) Cabernet Sauvignon 2017,2017,115,3.9,823,Chile
Château d'Ampuis Côte-Rôtie 2012,2012,795,4.2,823,France
Gran Enemigo Single Vineyard Agrelo Cabernet Franc 2016,2016,599.95,4.7,823,Argentina
Gnarly Dudes Shiraz 2019,2019,179.95,4.0,823,Australia
Selección de Familia Reserva 2012,2012,159,3.8,823,Spain
Seminare Malbec 2016,2016,650,4.2,821,Argentina
Crozes-Hermitage Les Jalets 2017,2017,249,3.9,821,France
The Hermit Crab Viognier - Marsanne 2018,2018,125,3.8,820,Australia
Rafaèl Valpolicella Classico Superiore 2018,2018,145,3.9,818,Italy
Douro Duas Quintas Branco 2018,2018,119,4.0,816,Portugal
Estate Vineyards Syrah (Shiraz) 2013,2013,209.95,4.2,815,South Africa
Syrah 2017,2017,139,4.0,814,United States
Cartoixa Priorat 2016,2016,369,3.9,814,Spain
Crianza 2017,2017,130,3.8,814,Spain
My Favorite Neighbor Cabernet Sauvignon 2017,2017,599,4.4,813,United States
M Mencía Bierzo LB 2016,2016,74.95,3.3,813,Spain
Ribera del Duero 2016,2016,300,4.0,811,Spain
Villa Antinori Rosso 2018,2018,129,3.8,810,Italy
Cannonau di Sardegna 2018,2018,99,3.4,805,Italy
Albariño 2017,2017,159.95,3.9,804,Spain
Gran Reserva Carmenère 2018,2018,89.95,3.8,804,Chile
Cellar Selection Pinot Noir 2018,2018,70,3.3,803,New Zealand
Zinfandel 2019,2019,72,4.1,802,United States
Bourgogne Couvent des Jacobins 2018,2018,169,3.9,802,France
Chablis 1er Cru 'Fourchaume' 2014,2014,250,4.1,799,France
Gimblett Gravels Vineyard Te Kahu 2013,2013,149.95,3.8,799,New Zealand
Byzantium Primitivo di Manduria 2018,2018,89,4.1,799,Italy
Bordeaux Merlot - Cabernet Sauvignon 2017,2017,79,3.3,796,France
Pinot Noir 2016,2016,175,3.7,795,United States
Il Bacialé Monferrato Rosso 2016,2016,129.95,3.8,795,Italy
Estate Red 2015,2015,319.95,4.3,793,South Africa
Santa Maria Valley Pinot Noir 2017,2017,199,4.1,792,United States
Stags Leap District Cabernet Sauvignon 2016,2016,475,4.4,792,United States
Barda Pinot Noir 2019,2019,199.95,3.9,791,Argentina
East Bench Zinfandel 2015,2015,259,4.0,790,United States
Esprit de Pavie Bordeaux 2012,2012,239,3.8,790,France
Quarz Sauvignon 2016,2016,325,4.4,789,Italy
Sancerre Rouge Les Baronnes 2017,2017,209,3.9,789,France
Reserva 2016,2016,249.95,4.4,785,Spain
Zinfandel 2017,2017,349,4.5,785,United States
Pinot Noir 2018,2018,329.95,4.0,784,United States
Numina Gran Corte 2017,2017,169,4.2,783,Argentina
Gimblett Gravels Vineyard Te Kahu 2011,2011,149.95,3.8,783,New Zealand
Côte de Beaune Villages 2014,2014,149,3.7,781,France
Sonoma Coast Pinot Noir 2018,2018,149,3.9,779,United States
Taurasi 2015,2015,129,3.9,777,Italy
Barbera d'Asti Camp du Rouss 2015,2015,429,3.8,776,Italy
Appassite 2018,2018,82,4.1,776,Italy
Saint-Joseph 2015,2015,179.95,3.9,776,France
Langhe Nebbiolo 2019,2019,109.95,3.8,775,Italy
Châteauneuf-du-Pape 2017,2017,169,4.1,775,France
Corimbo I 2014,2014,375,4.2,775,Spain
Chablis 2018,2018,195,4.1,775,France
Appellation Paraje Altamira Malbec 2018,2018,129.95,4.0,775,Argentina
Ribera del Duero Crianza 2017,2017,169,3.9,774,Spain
Secreto Malbec 2016,2016,89.95,3.6,773,Chile
Mâcon-Verzé 2017,2017,375,4.0,773,France
Castel del Monte Trentangeli Rosso 2015,2015,169,3.8,771,Italy
Malbec 2017,2017,299.95,4.3,771,Argentina
Reserva Cabernet Sauvignon 2014,2014,75,3.5,771,Argentina
Pessac-Léognan (Grand Cru Classé de Graves) 2015,2015,749.95,4.3,768,France
Gran Enemigo Single Vineyard El Cepillo Cabernet Franc 2015,2015,599.95,4.5,766,Argentina
Pinot Noir Te Muna Road Vineyard 2011,2011,199.95,3.9,765,New Zealand
Sonoma County Pinot Noir 2016,2016,249,3.8,765,United States
Vatan Tinta de Toro 2014,2014,299,4.1,765,Spain
One Point Five Cabernet Sauvignon 2017,2017,595,4.5,761,United States
Nussbaumer Gewürztraminer 2018,2018,300,4.3,760,Italy
Origin Pinot Noir 2018,2018,145,3.4,759,New Zealand
Mathilda Shiraz 2017,2017,175,3.7,758,Australia
Syrah 2014,2014,199.95,3.9,756,South Africa
Al-Muvedre Tinto Monastrell 2016,2016,59.95,3.6,755,Spain
Terre di San Leonardo 2014,2014,149,3.6,754,Italy
Bourgogne Chardonnay 2017,2017,279,3.9,754,France
Yeya Moscatel - Chardonnay 2018,2018,85,3.9,751,Spain
Sangiovese Riserva 2017,2017,169,4.0,751,Italy
Tenuta Nuova Brunello di Montalcino 2015,2015,699,4.6,750,Italy
Riesling 2017,2017,179,3.7,745,Australia
Torrontes 2018,2018,69.95,3.7,745,Argentina
Rioja Reserva 2015,2015,135,3.8,745,Spain
Barolo del Comune di Serralunga d'Alba 2016,2016,529,4.3,744,Italy
Cellar Selection Pinot Noir 2019,2019,85,3.3,741,New Zealand
Bourgogne Pinot Noir 2019,2019,139.50,3.7,740,France
Primitivo 2018,2018,129,3.8,740,Italy
Sauvignon Blanc 2019,2019,139,3.6,740,South Africa
Pomerol 2011,2011,769.95,4.0,739,France
Appellation San Carlos Cabernet Franc 2018,2018,129.95,4.1,738,Argentina
Barolo del Comune di Serralunga d'Alba 2015,2015,459,4.2,738,Italy
Saumur-Champigny 2016,2016,149.95,3.7,737,France
Russian River Valley Pinot Noir 2016,2016,499.95,3.9,737,United States
Estate Cabernet Sauvignon 2016,2016,559,4.3,734,United States
Tonel 46 Reserva Malbec 2016,2016,139,3.6,734,Argentina
Maremma Toscana Ornello 2015,2015,189,3.9,733,Italy
Pecorino (Unico) 2019,2019,119,4.0,733,Italy
Suadens Campania Rosso 2018,2018,129,4.2,732,Italy
Syrah 2015,2015,199.95,3.9,732,South Africa
Lagrein Riserva Gries 2015,2015,195,4.1,729,Italy
Passorosso 2015,2015,250,4.0,729,Italy
Chablis 2018,2018,379.95,4.1,729,France
Lune d'Argent 2017,2017,159.95,3.8,727,France
Cabernet Sauvignon 2018,2018,299,4.2,727,United States
Cabernet Sauvignon 2017,2017,499,4.3,727,United States
Nero di Troia 2018,2018,79,4.0,726,Italy
Morillon Blanc 2019,2019,150,4.2,725,France
Pauillac (Grand Cru Classé) 2015,2015,1399.95,4.5,725,France
Stags Leap District Cabernet Sauvignon 2012,2012,1225,4.4,724,United States
Baía de Troia Castelão 2019,2019,79,4.1,721,Portugal
Pinot Noir 2017,2017,179,3.8,719,United States
Langhe Nebbiolo 2018,2018,235,3.9,718,Italy
Cellar Selection Marlborough Sauvignon Blanc 2020,2020,120,3.8,718,New Zealand
Saint-Julien (Grand Cru Classé) 2003,2003,795,4.2,718,France
Is Argiolas Vermentino di Sardegna 2019,2019,125,4.0,718,Italy
Chardonnay 2014,2014,199.95,4.0,715,Argentina
Saint-Émilion Grand Cru 2015,2015,180,3.9,714,France
El Hombre Bala 2016,2016,269,3.6,713,Spain
Liberty Nages Rouge Vin de France N.V.,9999,99,3.5,713,France
Reserva 2014,2014,250,4.2,712,Spain
Bella's Garden Shiraz 2017,2017,350,4.2,710,Australia
Cabernet Sauvignon 2009,2009,149.95,3.8,710,Argentina
San Leonardo 2014,2014,599,4.2,709,Italy
Xisto Ilimitado 2018,2018,150,3.8,709,Portugal
Selección Especial (Reserva) 2016,2016,299,4.3,708,Spain
The Cover Drive Cabernet Sauvignon 2017,2017,109.95,3.8,708,Australia
Magna Malbec 2016,2016,105,3.5,707,Argentina
Crozes-Hermitage Blanc 2016,2016,175,3.7,707,France
Dominus (Christian Moueix) 2014,2014,1995,4.6,707,United States
Pinot Noir Te Muna Road Vineyard 2013,2013,159.95,3.8,706,New Zealand
Secreto Syrah 2015,2015,89.95,3.6,705,Chile
Pinot Noir 2017,2017,139,3.3,704,United States
Viognier Les Vignes d'à Côté 2018,2018,199,4.0,704,France
Grey (Glacier) Carménère 2016,2016,115,4.0,702,Chile
Cumberland Reserve Pinot Noir 2014,2014,699,4.3,701,United States
Tenuta San Giovanni Valdisanti 2010,2010,200,4.1,701,Italy
Cabernet Sauvignon 2012,2012,359.95,4.2,701,Argentina
Ca'Marcanda Vistamare Toscana 2018,2018,325,4.1,699,Italy
Clio 2018,2018,329,4.5,698,Spain
Quarz Sauvignon 2017,2017,325,4.4,698,Italy
Stags Leap District Cabernet Sauvignon 2015,2015,599,4.4,696,United States
Gran Reserva 2011,2011,259,3.9,696,Spain
Vinsobres Les Cornuds 2016,2016,135.83,3.8,696,France
Château d'Ampuis Côte-Rôtie 2010,2010,1794.95,4.2,695,France
Sauvignon Blanc 2017,2017,299,4.1,694,United States
Pinot Grigio delle Venezie 2018,2018,99,3.8,694,Italy
Flor de Pingus 2017,2017,795,4.5,694,Spain
Valpolicella Classico 2016,2016,350,3.5,692,Italy
Syrah 2016,2016,199.95,3.9,691,South Africa
Appellation San Carlos Cabernet Franc 2014,2014,129.95,3.9,690,Argentina
Zisola Azisa Sicilia 2017,2017,119,3.7,689,Italy
Bernardeschi Governo 2017,2017,79,4.1,687,Italy
Vintner's Reserve Zinfandel 2018,2018,149,3.8,687,United States
Il Nero di Casanova Terre di Pisa Sangiovese 2016,2016,209,3.8,685,Italy
Bella's Garden Shiraz 2015,2015,349.95,4.2,684,Australia
Perbacco Nebbiolo 2018,2018,199,4.0,683,Italy
Tinto 2018,2018,399,4.4,681,Spain
Pessac-Léognan Blanc (Grand Cru Classé de Graves) 2017,2017,325,4.1,681,France
Pessac-Léognan (Grand Cru Classé de Graves) 2011,2011,499,4.2,680,France
20 Aldeas 2018,2018,99.95,4.1,679,Spain
Appellation Tupungato Chardonnay 2017,2017,129.95,3.9,677,Argentina
Chianti 2018,2018,79.95,3.5,677,Italy
Atteca Garnacha (Old Vines) 2017,2017,119,4.1,676,Spain
Pouilly-Fumé Domaine des Fines Caillottes 2019,2019,199,4.1,676,France
Pinot Noir (G Lot) 2015,2015,149.95,4.1,675,Argentina
Pago Negralada Tempranillo 2014,2014,799.95,4.4,674,Spain
Gran Reserva Cabernet Sauvignon 2015,2015,62,3.6,673,Chile
Lussac-Saint-Émilion 2015,2015,129,3.9,673,France
Châteauneuf-du-Pape 2015,2015,898,4.4,673,France
Cabernet Sauvignon 2013,2013,299.95,4.2,671,Argentina
Gigondas Romane Machotte Rouge 2015,2015,500,3.8,671,France
Pinot Noir Te Muna Road Vineyard 2012,2012,199.95,3.9,670,New Zealand
Moulis-en-Médoc 2015,2015,349,3.9,670,France
Chardonnay 2019,2019,99,3.4,670,France
Pinot Noir 2014,2014,225,3.9,670,New Zealand
Saint-Émilion Grand Cru (Grand Cru Classé) 2014,2014,449.95,4.1,670,France
Toscana Le Cupole Rosso 2010,2010,350,4.1,668,Italy
La Réserve de Malartic (Le Sillage) Pessac-Léognan 2015,2015,259.95,4.1,668,France
Arele Rosso (Appassimento) 2015,2015,165,3.9,667,Italy
Saint-Julien (Grand Cru Classé) 2016,2016,685,4.1,667,France
Brunello di Montalcino 2015,2015,149,3.9,667,Italy
HEBO (Suvereto) 2018,2018,109,3.8,666,Italy
Semele 2017,2017,165,3.7,665,Spain
Pinot Noir Reserva 2015,2015,55,3.6,665,Chile
Signos Malbec 2018,2018,85,3.4,664,Argentina
Cabernet Sauvignon 2015,2015,299.95,4.2,664,Argentina
Château d'Ampuis Côte-Rôtie 2013,2013,795,4.1,664,France
Châteauneuf-du-Pape 2016,2016,269.95,4.3,663,France
Saint-Estèphe 2014,2014,299,4.0,663,France
Blanc 2019,2019,67,4.1,662,France
